Key,Value
PM1-A01,"(Negative Control)"
PM1-A02,"(L-Arabinose)"
PM1-A03,"(N-Acetyl-D-Glucosamine)"
PM1-A04,"(D-Saccharic Acid)"
PM1-A05,"(Succinic Acid)"
PM1-A06,"(D-Galactose)"
PM1-A07,"(L-Aspartic Acid)"
PM1-A08,"(L-Proline)"
PM1-A09,"(D-Alanine)"
PM1-A10,"(D-Trehalose)"
PM1-A11,"(D-Mannose)"
PM1-A12,"(Dulcitol)"
PM1-B01,"(D-Serine)"
PM1-B02,"(D-Sorbitol)"
PM1-B03,"(Glycerol)"
PM1-B04,"(L-Fucose)"
PM1-B05,"(D-Glucuronic Acid)"
PM1-B06,"(D-Gluconic Acid)"
PM1-B07,"(D,L-a-Glycerol-Phosphate)"
PM1-B08,"(D-Xylose)"
PM1-B09,"(L-Lactic Acid)"
PM1-B10,"(Sodium Formate)"
PM1-B11,"(D-Mannitol)"
PM1-B12,"(L-Glutamic Acid)"
PM1-C01,"(D-Glucose-6-Phosphate)"
PM1-C02,"(D-Galactonic Acid-g-Lactone)"
PM1-C03,"(D,L-Malic Acid)"
PM1-C04,"(D-Ribose)"
PM1-C05,"(Tween 20)"
PM1-C06,"(L-Rhamnose)"
PM1-C07,"(D-Fructose)"
PM1-C08,"(Acetic Acid)"
PM1-C09,"(D-Glucose)"
PM1-C10,"(D-Maltose)"
PM1-C11,"(D-Melibiose)"
PM1-C12,"(Thymidine)"
PM1-D01,"(L-Asparagine)"
PM1-D02,"(D-Aspartic Acid)"
PM1-D03,"(D-Glucosaminic Acid)"
PM1-D04,"(1,2-Propanediol)"
PM1-D05,"(Tween 40)"
PM1-D06,"(a-Keto-Glutaric Acid)"
PM1-D07,"(a-Keto-Butyric Acid)"
PM1-D08,"(a-Methyl-D-Galactoside)"
PM1-D09,"(a-D-Lactose)"
PM1-D10,"(Lactulose)"
PM1-D11,"(Sucrose)"
PM1-D12,"(Uridine)"
PM1-E01,"(L-Glutamine)"
PM1-E02,"(m-Tartaric Acid)"
PM1-E03,"(a-D-Glucose-1-Phosphate)"
PM1-E04,"(D-Fructose-6-Phosphate)"
PM1-E05,"(Tween 80)"
PM1-E06,"(a-Hydroxy-Glutaric Acid-g-Lactone)"
PM1-E07,"(a-Hydroxy-Butyric Acid)"
PM1-E08,"(b-Methyl-D-Glucoside)"
PM1-E09,"(Adonitol)"
PM1-E10,"(Maltotriose)"
PM1-E11,"(2'-Deoxy-Adenosine)"
PM1-E12,"(Adenosine)"
PM1-F01,"(Gly-Asp)"
PM1-F02,"(Citric Acid)"
PM1-F03,"(myo-Inositol)"
PM1-F04,"(D-Threonine)"
PM1-F05,"(Fumaric Acid)"
PM1-F06,"(Bromo-Succinic Acid)"
PM1-F07,"(Propionic Acid)"
PM1-F08,"(Mucic Acid)"
PM1-F09,"(Glycolic Acid)"
PM1-F10,"(Glyoxylic Acid)"
PM1-F11,"(D-Cellobiose)"
PM1-F12,"(Inosine)"
PM1-G01,"(Gly-Glu)"
PM1-G02,"(Tricarballylic Acid)"
PM1-G03,"(L-Serine)"
PM1-G04,"(L-Threonine)"
PM1-G05,"(L-Alanine)"
PM1-G06,"(Ala-Gly)"
PM1-G07,"(Acetoacetic Acid)"
PM1-G08,"(N-Acetyl-b-D-Mannosamine)"
PM1-G09,"(Mono-Methyl Succinate)"
PM1-G10,"(Methyl Pyruvate)"
PM1-G11,"(D-Malic Acid)"
PM1-G12,"(L-Malic Acid)"
PM1-H01,"(Gly-Pro)"
PM1-H02,"(p-Hydroxy-Phenylacetic Acid)"
PM1-H03,"(m-Hydroxy-Phenylacetic Acid)"
PM1-H04,"(Tyramine)"
PM1-H05,"(D-Psicose)"
PM1-H06,"(L-Lyxose)"
PM1-H07,"(Glucuronamide)"
PM1-H08,"(Pyruvic Acid)"
PM1-H09,"(L-Galactonic Acid-g-Lactone)"
PM1-H10,"(D-Galacturonic Acid)"
PM1-H11,"(b-Phenylethylamine)"
PM1-H12,"(Ethanolamine)"
PM2-A01,"(Negative Control)"
PM2-A02,"(Chondroitin Sulfate C)"
PM2-A03,"(α-Cyclodextrin)"
PM2-A04,"(β-Cyclodextrin)"
PM2-A05,"(γ-Cyclodextrin)"
PM2-A06,"(Dextrin)"
PM2-A07,"(Gelatin)"
PM2-A08,"(Glycogen)"
PM2-A09,"(Inulin)"
PM2-A10,"(Laminarin)"
PM2-A11,"(Mannan)"
PM2-A12,"(Pectin)"
PM2-B01,"(N-Acetyl-D-Galactosamine)"
PM2-B02,"(N-Acetyl-Neuraminic Acid)"
PM2-B03,"(β-D-Allose)"
PM2-B04,"(Amygdalin)"
PM2-B05,"(D-Arabinose)"
PM2-B06,"(D-Arabitol)"
PM2-B07,"(L-Arabitol)"
PM2-B08,"(Arbutin)"
PM2-B09,"(2-Deoxy-D-Ribose)"
PM2-B10,"(m-Erythritol)"
PM2-B11,"(D-Fucose)"
PM2-B12,"(3-O-β-D-Galactopyranosyl-D-Arabinose)"
PM2-C01,"(β-Gentiobiose)"
PM2-C02,"(L-Glucose)"
PM2-C03,"(D-Lactitol)"
PM2-C04,"(D-Melezitose)"
PM2-C05,"(Maltitol)"
PM2-C06,"(α-Methyl-D-Glucoside)"
PM2-C07,"(β-Methyl-D-Galactoside)"
PM2-C08,"(3-O-Methyl-D-Glucose)"
PM2-C09,"(β-Methyl-D-Glucuronic Acid)"
PM2-C10,"(α-Methyl-D-Mannoside)"
PM2-C11,"(β-Methyl-D-Xylopyranoside)"
PM2-C12,"(Palatinose)"
PM2-D01,"(D-Raffinose)"
PM2-D02,"(D-Salicin)"
PM2-D03,"(Sedoheptulosan)"
PM2-D04,"(L-Sorbose)"
PM2-D05,"(Stachyose)"
PM2-D06,"(D-Tagatose)"
PM2-D07,"(Turanose)"
PM2-D08,"(Xylitol)"
PM2-D09,"(N-Acetyl-D-Glucosaminitol)"
PM2-D10,"(γ-Amino-n-Butyric Acid)"
PM2-D11,"(δ-Amino-Valeric Acid)"
PM2-D12,"(Butyric Acid)"
PM2-E01,"(Capric Acid)"
PM2-E02,"(Caproic Acid)"
PM2-E03,"(Citraconic Acid)"
PM2-E04,"(D-Citramalic Acid)"
PM2-E05,"(D-Glucosamine)"
PM2-E06,"(2-Hydroxy-Benzoic Acid)"
PM2-E07,"(4-Hydroxy-Benzoic Acid)"
PM2-E08,"(β-Hydroxy-Butyric Acid)"
PM2-E09,"(γ-Hydroxy-Butyric Acid)"
PM2-E10,"(α-Keto-Valeric Acid)"
PM2-E11,"(Itaconic Acid)"
PM2-E12,"(5-Keto-D-Gluconic Acid)"
PM2-F01,"(D-Lactic Acid Methyl Ester)"
PM2-F02,"(Malonic Acid)"
PM2-F03,"(Melibionic Acid)"
PM2-F04,"(Oxalic Acid)"
PM2-F05,"(Oxalomalic Acid)"
PM2-F06,"(Quinic Acid)"
PM2-F07,"(D-Ribono-1,4-Lactone)"
PM2-F08,"(Sebacic Acid)"
PM2-F09,"(Sorbic Acid)"
PM2-F10,"(Succinamic Acid)"
PM2-F11,"(D-Tartaric Acid)"
PM2-F12,"(L-Tartaric Acid)"
PM2-G01,"(Acetamide)"
PM2-G02,"(L-Alaninamide)"
PM2-G03,"(N-Acetyl-L-Glutamic Acid)"
PM2-G04,"(L-Arginine)"
PM2-G05,"(Glycine)"
PM2-G06,"(L-Histidine)"
PM2-G07,"(L-Homoserine)"
PM2-G08,"(4-Hydroxy-L-Proline [trans])"
PM2-G09,"(L-Isoleucine)"
PM2-G10,"(L-Leucine)"
PM2-G11,"(L-Lysine)"
PM2-G12,"(L-Methionine)"
PM2-H01,"(L-Ornithine)"
PM2-H02,"(L-Phenylalanine)"
PM2-H03,"(L-Pyroglutamic Acid)"
PM2-H04,"(L-Valine)"
PM2-H05,"(D,L-Carnitine)"
PM2-H06,"(Butylamine [sec])"
PM2-H07,"(D,L-Octopamine)"
PM2-H08,"(Putrescine)"
PM2-H09,"(Dihydroxy-Acetone)"
PM2-H10,"(2,3-Butanediol)"
PM2-H11,"(2,3-Butanedione)"
PM2-H12,"(3-Hydroxy-2-Butanone)"
PM3-A01,"(Negative Control)"
PM3-A02,"(Ammonia)"
PM3-A03,"(Sodium Nitrite)"
PM3-A04,"(Sodium Nitrate)"
PM3-A05,"(Urea)"
PM3-A06,"(Biuret)"
PM3-A07,"(L-Alanine)"
PM3-A08,"(L-Arginine)"
PM3-A09,"(L-Asparagine)"
PM3-A10,"(L-Aspartic Acid)"
PM3-A11,"(L-Cysteine)"
PM3-A12,"(L-Glutamic Acid)"
PM3-B01,"(L-Glutamine)"
PM3-B02,"(Glycine)"
PM3-B03,"(L-Histidine)"
PM3-B04,"(L-Isoleucine)"
PM3-B05,"(L-Leucine)"
PM3-B06,"(L-Lysine)"
PM3-B07,"(L-Methionine)"
PM3-B08,"(L-Phenylalanine)"
PM3-B09,"(L-Proline)"
PM3-B10,"(L-Serine)"
PM3-B11,"(L-Threonine)"
PM3-B12,"(L-Tryptophan)"
PM3-C01,"(L-Tyrosine)"
PM3-C02,"(L-Valine)"
PM3-C03,"(D-Alanine)"
PM3-C04,"(D-Asparagine)"
PM3-C05,"(D-Aspartic Acid)"
PM3-C06,"(D-Glutamic Acid)"
PM3-C07,"(D-Lysine)"
PM3-C08,"(D-Serine)"
PM3-C09,"(D-Valine)"
PM3-C10,"(L-Citrulline)"
PM3-C11,"(L-Homoserine)"
PM3-C12,"(L-Ornithine)"
PM3-D01,"(N-Acetyl-L-Glutamic Acid)"
PM3-D02,"(N-Phthaloyl-L-Glutamic Acid)"
PM3-D03,"(L-Pyroglutamic Acid)"
PM3-D04,"(Hydroxylamine)"
PM3-D05,"(Methylamine)"
PM3-D06,"(N-Amylamine)"
PM3-D07,"(N-Butylamine)"
PM3-D08,"(Ethylamine)"
PM3-D09,"(Ethanolamine)"
PM3-D10,"(Ethylenediamine)"
PM3-D11,"(Putrescine)"
PM3-D12,"(Agmatine)"
PM3-E01,"(Histamine)"
PM3-E02,"(β-Phenylethylamine)"
PM3-E03,"(Tyramine)"
PM3-E04,"(Acetamide)"
PM3-E05,"(Formamide)"
PM3-E06,"(Glucuronamide)"
PM3-E07,"(D,L-Lactamide)"
PM3-E08,"(D-Glucosamine)"
PM3-E09,"(D-Galactosamine)"
PM3-E10,"(D-Mannosamine)"
PM3-E11,"(N-Acetyl-D-Glucosamine)"
PM3-E12,"(N-Acetyl-D-Galactosamine)"
PM3-F01,"(N-Acetyl-β-D-Mannosamine)"
PM3-F02,"(Adenine)"
PM3-F03,"(Adenosine)"
PM3-F04,"(Cytidine)"
PM3-F05,"(Cytosine)"
PM3-F06,"(Guanine)"
PM3-F07,"(Guanosine)"
PM3-F08,"(Thymine)"
PM3-F09,"(Thymidine)"
PM3-F10,"(Uracil)"
PM3-F11,"(Uridine)"
PM3-F12,"(Inosine)"
PM3-G01,"(Xanthine)"
PM3-G02,"(Xanthosine)"
PM3-G03,"(Uric Acid)"
PM3-G04,"(Alloxan)"
PM3-G05,"(Allantoin)"
PM3-G06,"(Parabanic Acid)"
PM3-G07,"(D,L-α-Amino-Butyric Acid)"
PM3-G08,"(γ-Amino-n-Butyric Acid)"
PM3-G09,"(ε-Amino-N-Caproic Acid)"
PM3-G10,"(D,L-α-Amino-Caprylic Acid)"
PM3-G11,"(δ-Amino-Valeric Acid)"
PM3-G12,"(L-Norvaline)"
PM3-H01,"(Ala-Asp)"
PM3-H02,"(Ala-Gln)"
PM3-H03,"(Ala-Glu)"
PM3-H04,"(Ala-Gly)"
PM3-H05,"(Ala-His)"
PM3-H06,"(Ala-Leu)"
PM3-H07,"(Ala-Thr)"
PM3-H08,"(Gly-Asn)"
PM3-H09,"(Gly-Gln)"
PM3-H10,"(Gly-Glu)"
PM3-H11,"(Gly-Met)"
PM3-H12,"(Met-Ala)"
PM4-A01,"(Negative Control #1)"
PM4-A02,"(Sodium Phosphate)"
PM4-A03,"(Sodium Pyrophosphate)"
PM4-A04,"(Trimetaphosphate)"
PM4-A05,"(Tripolyphosphate)"
PM4-A06,"(Triethyl Phosphate)"
PM4-A07,"(Hypophosphite)"
PM4-A08,"(Adenosine-2′-Monophosphate)"
PM4-A09,"(Adenosine-3′-Monophosphate)"
PM4-A10,"(Adenosine-5′-Monophosphate)"
PM4-A11,"(Adenosine-2′,3′-Cyclic Monophosphate)"
PM4-A12,"(Adenosine-3′,5′-Cyclic Monophosphate)"
PM4-B01,"(Thiophosphate #1)"
PM4-B02,"(Dithiophosphate #1)"
PM4-B03,"(D,L-α-Glycerol-Phosphate)"
PM4-B04,"(β-Glycerol Phosphate)"
PM4-B05,"(Carbamyl Phosphate)"
PM4-B06,"(D-2-Phospho-Glyceric Acid)"
PM4-B07,"(D-3-Phospho-Glyceric Acid)"
PM4-B08,"(Guanosine-2′-Monophosphate)"
PM4-B09,"(Guanosine-3′-Monophosphate)"
PM4-B10,"(Guanosine-5′-Monophosphate)"
PM4-B11,"(Guanosine-2′,3′-Cyclic Monophosphate)"
PM4-B12,"(Guanosine-3′,5′-Cyclic Monophosphate)"
PM4-C01,"(Phosphoenol Pyruvate)"
PM4-C02,"(Phospho-Glycolic Acid)"
PM4-C03,"(α-D-Glucose-1-Phosphate)"
PM4-C04,"(D-Glucose-6-Phosphate)"
PM4-C05,"(2-Deoxy-D-Glucose-6-Phosphate)"
PM4-C06,"(D-Glucosamine-6-Phosphate)"
PM4-C07,"(6-Phospho-Gluconic Acid)"
PM4-C08,"(Cytidine-2′-Monophosphate)"
PM4-C09,"(Cytidine-3′-Monophosphate)"
PM4-C10,"(Cytidine-5′-Monophosphate)"
PM4-C11,"(Cytidine-2′,3′-Cyclic Monophosphate)"
PM4-C12,"(Cytidine-3′,5′-Cyclic Monophosphate)"
PM4-D01,"(D-Mannose-1-Phosphate)"
PM4-D02,"(D-Mannose-6-Phosphate)"
PM4-D03,"(Cysteamine-S-Phosphate)"
PM4-D04,"(Phospho-L-Arginine)"
PM4-D05,"(O-Phospho-D-Serine)"
PM4-D06,"(O-Phospho-L-Serine)"
PM4-D07,"(O-Phospho-L-Threonine)"
PM4-D08,"(Uridine-2′-Monophosphate)"
PM4-D09,"(Uridine-3′-Monophosphate)"
PM4-D10,"(Uridine-5′-Monophosphate)"
PM4-D11,"(Uridine-2′,3′-Cyclic Monophosphate)"
PM4-D12,"(Uridine-3′,5′-Cyclic Monophosphate)"
PM4-E01,"(O-Phospho-D-Tyrosine)"
PM4-E02,"(O-Phospho-L-Tyrosine)"
PM4-E03,"(Phosphocreatine)"
PM4-E04,"(Phosphorylcholine)"
PM4-E05,"(O-Phosphoryl-Ethanolamine)"
PM4-E06,"(Phosphono Acetic Acid)"
PM4-E07,"(2-Aminoethyl Phosphonic Acid)"
PM4-E08,"(Methylene Diphosphonic Acid)"
PM4-E09,"(Thymidine-3′-Monophosphate)"
PM4-E10,"(Thymidine-5′-Monophosphate)"
PM4-E11,"(Inositol Hexaphosphate)"
PM4-E12,"(Thymidine 3′,5′-Cyclic Monophosphate)"
PM4-F01,"(Negative Control #2)"
PM4-F02,"(Sulfate)"
PM4-F03,"(Sodium Thiosulfate)"
PM4-F04,"(Tetrathionate)"
PM4-F05,"(Thiophosphate #2)"
PM4-F06,"(Dithiophosphate #2)"
PM4-F07,"(L-Cysteine)"
PM4-F08,"(D-Cysteine)"
PM4-F09,"(Cys-Gly)"
PM4-F10,"(L-Cysteic Acid)"
PM4-F11,"(Cysteamine)"
PM4-F12,"(L-Cysteine Sulfinic Acid)"
PM4-G01,"(N-Acetyl-L-Cysteine)"
PM4-G02,"(S-Methyl-L-Cysteine)"
PM4-G03,"(Cystathionine)"
PM4-G04,"(Lanthionine)"
PM4-G05,"(Glutathione)"
PM4-G06,"(D,L-Ethionine)"
PM4-G07,"(L-Methionine)"
PM4-G08,"(D-Methionine)"
PM4-G09,"(Gly-Met)"
PM4-G10,"(N-Acetyl-D,L-Methionine)"
PM4-G11,"(L-Methionine Sulfoxide)"
PM4-G12,"(L-Methionine Sulfone)"
PM4-H01,"(L-Djenkolic Acid)"
PM4-H02,"(Thiourea)"
PM4-H03,"(1-Thio-β-D-Glucose)"
PM4-H04,"(D,L-Lipoamide)"
PM4-H05,"(Taurocholic Acid)"
PM4-H06,"(Taurine)"
PM4-H07,"(Hypotaurine)"
PM4-H08,"(p-Amino Benzene Sulfonic Acid)"
PM4-H09,"(Butane Sulfonic Acid)"
PM4-H10,"(2-Hydroxyethane Sulfonic Acid)"
PM4-H11,"(Methane Sulfonic Acid)"
PM4-H12,"(Tetramethylene Sulfone)"
PM5-A01,"(Negative Control)"
PM5-A02,"(Positive Control)"
PM5-A03,"(L-Alanine)"
PM5-A04,"(L-Arginine)"
PM5-A05,"(L-Asparagine)"
PM5-A06,"(L-Aspartic Acid)"
PM5-A07,"(L-Cysteine)"
PM5-A08,"(L-Glutamic Acid)"
PM5-A09,"(Adenosine-3′,5′-Cyclic Monophosphate)"
PM5-A10,"(Adenine)"
PM5-A11,"(Adenosine)"
PM5-A12,"(2′-Deoxy-Adenosine)"
PM5-B01,"(L-Glutamine)"
PM5-B02,"(Glycine)"
PM5-B03,"(L-Histidine)"
PM5-B04,"(L-Isoleucine)"
PM5-B05,"(L-Leucine)"
PM5-B06,"(L-Lysine)"
PM5-B07,"(L-Methionine)"
PM5-B08,"(L-Phenylalanine)"
PM5-B09,"(Guanosine-3′,5′-Cyclic Monophosphate)"
PM5-B10,"(Guanine)"
PM5-B11,"(Guanosine)"
PM5-B12,"(2′-Deoxy-Guanosine)"
PM5-C01,"(L-Proline)"
PM5-C02,"(L-Serine)"
PM5-C03,"(L-Threonine)"
PM5-C04,"(L-Tryptophan)"
PM5-C05,"(L-Tyrosine)"
PM5-C06,"(L-Valine)"
PM5-C07,"(L-Isoleucine + L-Valine)"
PM5-C08,"(4-Hydroxy-L-Proline [trans])"
PM5-C09,"([5]4-Amino-Imidazole-4[5]-Carboxamide)"
PM5-C10,"(Hypoxanthine)"
PM5-C11,"(Inosine)"
PM5-C12,"(2′-Deoxy-Inosine)"
PM5-D01,"(L-Ornithine)"
PM5-D02,"(L-Citrulline)"
PM5-D03,"(Chorismic Acid)"
PM5-D04,"(Shikimic Acid [-])"
PM5-D05,"(L-Homoserine Lactone)"
PM5-D06,"(D-Alanine)"
PM5-D07,"(D-Aspartic Acid)"
PM5-D08,"(D-Glutamic Acid)"
PM5-D09,"(D,L-Diamino-Pimelic Acid)"
PM5-D10,"(Cytosine)"
PM5-D11,"(Cytidine)"
PM5-D12,"(2′-Deoxy-Cytidine)"
PM5-E01,"(Putrescine)"
PM5-E02,"(Spermidine)"
PM5-E03,"(Spermine)"
PM5-E04,"(Pyridoxine)"
PM5-E05,"(Pyridoxal)"
PM5-E06,"(Pyridoxamine)"
PM5-E07,"(β-Alanine)"
PM5-E08,"(D-Pantothenic Acid)"
PM5-E09,"(Orotic Acid)"
PM5-E10,"(Uracil)"
PM5-E11,"(Uridine)"
PM5-E12,"(2′-Deoxy-Uridine)"
PM5-F01,"(Quinolinic Acid)"
PM5-F02,"(Nicotinic Acid)"
PM5-F03,"(Nicotinamide)"
PM5-F04,"(β-Nicotinamide Adenine Dinucleotide)"
PM5-F05,"(δ-Amino-Levulinic Acid)"
PM5-F06,"(Hematin)"
PM5-F07,"(Deferoxamine Mesylate)"
PM5-F08,"(D-Glucose)"
PM5-F09,"(N-Acetyl-D-Glucosamine)"
PM5-F10,"(Thymine)"
PM5-F11,"(Glutathione)"
PM5-F12,"(Thymidine)"
PM5-G01,"(Oxaloacetic Acid)"
PM5-G02,"(D-Biotin)"
PM5-G03,"(Cyanocobalamin)"
PM5-G04,"(p-Amino-Benzoic Acid)"
PM5-G05,"(Folic Acid)"
PM5-G06,"(Inosine + Thiamine)"
PM5-G07,"(Thiamine)"
PM5-G08,"(Thiamine Pyrophosphate)"
PM5-G09,"(Riboflavin)"
PM5-G10,"(Pyrrolo-Quinoline Quinone)"
PM5-G11,"(Menadione)"
PM5-G12,"(myo-Inositol)"
PM5-H01,"(Butyric Acid)"
PM5-H02,"(α-Hydroxy-Butyric Acid)"
PM5-H03,"(α-Keto-Butyric Acid)"
PM5-H04,"(Sodium Caprylate)"
PM5-H05,"(D,L-α-Lipoic Acid)"
PM5-H06,"(D,L-Mevalonic Acid Lactone)"
PM5-H07,"(D,L-Carnitine)"
PM5-H08,"(Choline)"
PM5-H09,"(Tween 20)"
PM5-H10,"(Tween 40)"
PM5-H11,"(Tween 60)"
PM5-H12,"(Tween 80)"
PM6-A01,"(Negative Control)"
PM6-A02,"(L-Glutamine)"
PM6-A03,"(Ala-Ala)"
PM6-A04,"(Ala-Arg)"
PM6-A05,"(Ala-Asn)"
PM6-A06,"(Ala-Glu)"
PM6-A07,"(Ala-Gly)"
PM6-A08,"(Ala-His)"
PM6-A09,"(Ala-Leu)"
PM6-A10,"(Ala-Lys)"
PM6-A11,"(Ala-Phe)"
PM6-A12,"(Ala-Pro)"
PM6-B01,"(Ala-Ser)"
PM6-B02,"(Ala-Thr)"
PM6-B03,"(Ala-Trp)"
PM6-B04,"(Ala-Tyr)"
PM6-B05,"(Arg-Ala)"
PM6-B06,"(Arg-Arg)"
PM6-B07,"(Arg-Asp)"
PM6-B08,"(Arg-Gln)"
PM6-B09,"(Arg-Glu)"
PM6-B10,"(Arg-Ile)"
PM6-B11,"(Arg-Leu)"
PM6-B12,"(Arg-Lys)"
PM6-C01,"(Arg-Met)"
PM6-C02,"(Arg-Phe)"
PM6-C03,"(Arg-Ser)"
PM6-C04,"(Arg-Trp)"
PM6-C05,"(Arg-Tyr)"
PM6-C06,"(Arg-Val)"
PM6-C07,"(Asn-Glu)"
PM6-C08,"(Asn-Val)"
PM6-C09,"(Asp-Asp)"
PM6-C10,"(Asp-Glu)"
PM6-C11,"(Asp-Leu)"
PM6-C12,"(Asp-Lys)"
PM6-D01,"(Asp-Phe)"
PM6-D02,"(Asp-Trp)"
PM6-D03,"(Asp-Val)"
PM6-D04,"(Cys-Gly)"
PM6-D05,"(Gln-Gln)"
PM6-D06,"(Gln-Gly)"
PM6-D07,"(Glu-Asp)"
PM6-D08,"(Glu-Glu)"
PM6-D09,"(Glu-Gly)"
PM6-D10,"(Glu-Ser)"
PM6-D11,"(Glu-Trp)"
PM6-D12,"(Glu-Tyr)"
PM6-E01,"(Glu-Val)"
PM6-E02,"(Gly-Ala)"
PM6-E03,"(Gly-Arg)"
PM6-E04,"(Gly-Cys)"
PM6-E05,"(Gly-Gly)"
PM6-E06,"(Gly-His)"
PM6-E07,"(Gly-Leu)"
PM6-E08,"(Gly-Lys)"
PM6-E09,"(Gly-Met)"
PM6-E10,"(Gly-Phe)"
PM6-E11,"(Gly-Pro)"
PM6-E12,"(Gly-Ser)"
PM6-F01,"(Gly-Thr)"
PM6-F02,"(Gly-Trp)"
PM6-F03,"(Gly-Tyr)"
PM6-F04,"(Gly-Val)"
PM6-F05,"(His-Asp)"
PM6-F06,"(His-Gly)"
PM6-F07,"(His-Leu)"
PM6-F08,"(His-Lys)"
PM6-F09,"(His-Met)"
PM6-F10,"(His-Pro)"
PM6-F11,"(His-Ser)"
PM6-F12,"(His-Trp)"
PM6-G01,"(His-Tyr)"
PM6-G02,"(His-Val)"
PM6-G03,"(Ile-Ala)"
PM6-G04,"(Ile-Arg)"
PM6-G05,"(Ile-Gln)"
PM6-G06,"(Ile-Gly)"
PM6-G07,"(Ile-His)"
PM6-G08,"(Ile-Ile)"
PM6-G09,"(Ile-Met)"
PM6-G10,"(Ile-Phe)"
PM6-G11,"(Ile-Pro)"
PM6-G12,"(Ile-Ser)"
PM6-H01,"(Ile-Trp)"
PM6-H02,"(Ile-Tyr)"
PM6-H03,"(Ile-Val)"
PM6-H04,"(Leu-Ala)"
PM6-H05,"(Leu-Arg)"
PM6-H06,"(Leu-Asp)"
PM6-H07,"(Leu-Glu)"
PM6-H08,"(Leu-Gly)"
PM6-H09,"(Leu-Ile)"
PM6-H10,"(Leu-Leu)"
PM6-H11,"(Leu-Met)"
PM6-H12,"(Leu-Phe)"
PM7-A01,"(Negative Control)"
PM7-A02,"(L-Glutamine)"
PM7-A03,"(Leu-Ser)"
PM7-A04,"(Leu-Trp)"
PM7-A05,"(Leu-Val)"
PM7-A06,"(Lys-Ala)"
PM7-A07,"(Lys-Arg)"
PM7-A08,"(Lys-Glu)"
PM7-A09,"(Lys-Ile)"
PM7-A10,"(Lys-Leu)"
PM7-A11,"(Lys-Lys)"
PM7-A12,"(Lys-Phe)"
PM7-B01,"(Lys-Pro)"
PM7-B02,"(Lys-Ser)"
PM7-B03,"(Lys-Thr)"
PM7-B04,"(Lys-Trp)"
PM7-B05,"(Lys-Tyr)"
PM7-B06,"(Lys-Val)"
PM7-B07,"(Met-Arg)"
PM7-B08,"(Met-Asp)"
PM7-B09,"(Met-Gln)"
PM7-B10,"(Met-Glu)"
PM7-B11,"(Met-Gly)"
PM7-B12,"(Met-His)"
PM7-C01,"(Met-Ile)"
PM7-C02,"(Met-Leu)"
PM7-C03,"(Met-Lys)"
PM7-C04,"(Met-Met)"
PM7-C05,"(Met-Phe)"
PM7-C06,"(Met-Pro)"
PM7-C07,"(Met-Trp)"
PM7-C08,"(Met-Val)"
PM7-C09,"(Phe-Ala)"
PM7-C10,"(Phe-Gly)"
PM7-C11,"(Phe-Ile)"
PM7-C12,"(Phe-Phe)"
PM7-D01,"(Phe-Pro)"
PM7-D02,"(Phe-Ser)"
PM7-D03,"(Phe-Trp)"
PM7-D04,"(Pro-Ala)"
PM7-D05,"(Pro-Asp)"
PM7-D06,"(Pro-Gln)"
PM7-D07,"(Pro-Gly)"
PM7-D08,"(Pro-Hyp)"
PM7-D09,"(Pro-Leu)"
PM7-D10,"(Pro-Phe)"
PM7-D11,"(Pro-Pro)"
PM7-D12,"(Pro-Tyr)"
PM7-E01,"(Ser-Ala)"
PM7-E02,"(Ser-Gly)"
PM7-E03,"(Ser-His)"
PM7-E04,"(Ser-Leu)"
PM7-E05,"(Ser-Met)"
PM7-E06,"(Ser-Phe)"
PM7-E07,"(Ser-Pro)"
PM7-E08,"(Ser-Ser)"
PM7-E09,"(Ser-Tyr)"
PM7-E10,"(Ser-Val)"
PM7-E11,"(Thr-Ala)"
PM7-E12,"(Thr-Arg)"
PM7-F01,"(Thr-Glu)"
PM7-F02,"(Thr-Gly)"
PM7-F03,"(Thr-Leu)"
PM7-F04,"(Thr-Met)"
PM7-F05,"(Thr-Pro)"
PM7-F06,"(Trp-Ala)"
PM7-F07,"(Trp-Arg)"
PM7-F08,"(Trp-Asp)"
PM7-F09,"(Trp-Glu)"
PM7-F10,"(Trp-Gly)"
PM7-F11,"(Trp-Leu)"
PM7-F12,"(Trp-Lys)"
PM7-G01,"(Trp-Phe)"
PM7-G02,"(Trp-Ser)"
PM7-G03,"(Trp-Trp)"
PM7-G04,"(Trp-Tyr)"
PM7-G05,"(Tyr-Ala)"
PM7-G06,"(Tyr-Gln)"
PM7-G07,"(Tyr-Glu)"
PM7-G08,"(Tyr-Gly)"
PM7-G09,"(Tyr-His)"
PM7-G10,"(Tyr-Leu)"
PM7-G11,"(Tyr-Lys)"
PM7-G12,"(Tyr-Phe)"
PM7-H01,"(Tyr-Trp)"
PM7-H02,"(Tyr-Tyr)"
PM7-H03,"(Val-Arg)"
PM7-H04,"(Val-Asn)"
PM7-H05,"(Val-Asp)"
PM7-H06,"(Val-Gly)"
PM7-H07,"(Val-His)"
PM7-H08,"(Val-Ile)"
PM7-H09,"(Val-Leu)"
PM7-H10,"(Val-Tyr)"
PM7-H11,"(Val-Val)"
PM7-H12,"(γ-Glu-Gly)"
PM8-A01,"(Negative Control)"
PM8-A02,"(L-Glutamine)"
PM8-A03,"(Ala-Asp)"
PM8-A04,"(Ala-Gln)"
PM8-A05,"(Ala-Ile)"
PM8-A06,"(Ala-Met)"
PM8-A07,"(Ala-Val)"
PM8-A08,"(Asp-Ala)"
PM8-A09,"(Asp-Gln)"
PM8-A10,"(Asp-Gly)"
PM8-A11,"(Glu-Ala)"
PM8-A12,"(Gly-Asn)"
PM8-B01,"(Gly-Asp)"
PM8-B02,"(Gly-Ile)"
PM8-B03,"(His-Ala)"
PM8-B04,"(His-Glu)"
PM8-B05,"(His-His)"
PM8-B06,"(Ile-Asn)"
PM8-B07,"(Ile-Leu)"
PM8-B08,"(Leu-Asn)"
PM8-B09,"(Leu-His)"
PM8-B10,"(Leu-Pro)"
PM8-B11,"(Leu-Tyr)"
PM8-B12,"(Lys-Asp)"
PM8-C01,"(Lys-Gly)"
PM8-C02,"(Lys-Met)"
PM8-C03,"(Met-Thr)"
PM8-C04,"(Met-Tyr)"
PM8-C05,"(Phe-Asp)"
PM8-C06,"(Phe-Glu)"
PM8-C07,"(Gln-Glu)"
PM8-C08,"(Phe-Met)"
PM8-C09,"(Phe-Tyr)"
PM8-C10,"(Phe-Val)"
PM8-C11,"(Pro-Arg)"
PM8-C12,"(Pro-Asn)"
PM8-D01,"(Pro-Glu)"
PM8-D02,"(Pro-Ile)"
PM8-D03,"(Pro-Lys)"
PM8-D04,"(Pro-Ser)"
PM8-D05,"(Pro-Trp)"
PM8-D06,"(Pro-Val)"
PM8-D07,"(Ser-Asn)"
PM8-D08,"(Ser-Asp)"
PM8-D09,"(Ser-Gln)"
PM8-D10,"(Ser-Glu)"
PM8-D11,"(Thr-Asp)"
PM8-D12,"(Thr-Gln)"
PM8-E01,"(Thr-Phe)"
PM8-E02,"(Thr-Ser)"
PM8-E03,"(Trp-Val)"
PM8-E04,"(Tyr-Ile)"
PM8-E05,"(Tyr-Val)"
PM8-E06,"(Val-Ala)"
PM8-E07,"(Val-Gln)"
PM8-E08,"(Val-Glu)"
PM8-E09,"(Val-Lys)"
PM8-E10,"(Val-Met)"
PM8-E11,"(Val-Phe)"
PM8-E12,"(Val-Pro)"
PM8-F01,"(Val-Ser)"
PM8-F02,"(β-Ala-Ala)"
PM8-F03,"(β-Ala-Gly)"
PM8-F04,"(β-Ala-His)"
PM8-F05,"(Met-β-Ala)"
PM8-F06,"(β-Ala-Phe)"
PM8-F07,"(D-Ala-D-Ala)"
PM8-F08,"(D-Ala-Gly)"
PM8-F09,"(D-Ala-Leu)"
PM8-F10,"(D-Leu-D-Leu)"
PM8-F11,"(D-Leu-Gly)"
PM8-F12,"(D-Leu-Tyr)"
PM8-G01,"(γ-Glu-Gly)"
PM8-G02,"(γ-D-Glu-Gly)"
PM8-G03,"(Gly-D-Ala)"
PM8-G04,"(Gly-D-Asp)"
PM8-G05,"(Gly-D-Ser)"
PM8-G06,"(Gly-D-Thr)"
PM8-G07,"(Gly-D-Val)"
PM8-G08,"(Leu-β-Ala)"
PM8-G09,"(Leu-D-Leu)"
PM8-G10,"(Phe-β-Ala)"
PM8-G11,"(Ala-Ala-Ala)"
PM8-G12,"(D-Ala-Gly-Gly)"
PM8-H01,"(Gly-Gly-Ala)"
PM8-H02,"(Gly-Gly-D-Leu)"
PM8-H03,"(Gly-Gly-Gly)"
PM8-H04,"(Gly-Gly-Ile)"
PM8-H05,"(Gly-Gly-Leu)"
PM8-H06,"(Gly-Gly-Phe)"
PM8-H07,"(Val-Tyr-Val)"
PM8-H08,"(Gly-Phe-Phe)"
PM8-H09,"(Leu-Gly-Gly)"
PM8-H10,"(Leu-Leu-Leu)"
PM8-H11,"(Phe-Gly-Gly)"
PM8-H12,"(Tyr-Gly-Gly)"
PM9-A01,"(1% NaCl)"
PM9-A02,"(2% NaCl)"
PM9-A03,"(3% NaCl)"
PM9-A04,"(4% NaCl)"
PM9-A05,"(5% NaCl)"
PM9-A06,"(5.5% NaCl)"
PM9-A07,"(6% NaCl)"
PM9-A08,"(6.5% NaCl)"
PM9-A09,"(7% NaCl)"
PM9-A10,"(8% NaCl)"
PM9-A11,"(9% NaCl)"
PM9-A12,"(10% NaCl)"
PM9-B01,"(6% NaCl)"
PM9-B02,"(Betaine + 6% NaCl)"
PM9-B03,"(N,N-Dimethyl Glycine + 6% NaCl)"
PM9-B04,"(Sarcosine + 6% NaCl)"
PM9-B05,"(Dimethyl Sulphonyl Propionate + 6% NaCl)"
PM9-B06,"(MOPS + 6% NaCl)"
PM9-B07,"(Ectoine + 6% NaCl)"
PM9-B08,"(Choline + 6% NaCl)"
PM9-B09,"(Phosphorylcholine + 6% NaCl)"
PM9-B10,"(Creatine + 6% NaCl)"
PM9-B11,"(Creatinine + 6% NaCl)"
PM9-B12,"(L-Carnitine + 6% NaCl)"
PM9-C01,"(Potassium Chloride + 6% NaCl)"
PM9-C02,"(L-Proline + 6% NaCl)"
PM9-C03,"(N-Acetyl-L-Glutamine + 6% NaCl)"
PM9-C04,"(β-Glutamic Acid + 6% NaCl)"
PM9-C05,"(γ-Amino-n-Butyric Acid + 6% NaCl)"
PM9-C06,"(Glutathione + 6% NaCl)"
PM9-C07,"(Glycerol + 6% NaCl)"
PM9-C08,"(D-Trehalose + 6% NaCl)"
PM9-C09,"(Trimethylamine-N-Oxide + 6% NaCl)"
PM9-C10,"(Trimethylamine + 6% NaCl)"
PM9-C11,"(Octopine + 6% NaCl)"
PM9-C12,"(Trigonelline + 6% NaCl)"
PM9-D01,"(3% Potassium Chloride)"
PM9-D02,"(4% Potassium Chloride)"
PM9-D03,"(5% Potassium Chloride)"
PM9-D04,"(6% Potassium Chloride)"
PM9-D05,"(2% Sodium Sulfate)"
PM9-D06,"(3% Sodium Sulfate)"
PM9-D07,"(4% Sodium Sulfate)"
PM9-D08,"(5% Sodium Sulfate)"
PM9-D09,"(5% Ethylene Glycol)"
PM9-D10,"(10% Ethylene Glycol)"
PM9-D11,"(15% Ethylene Glycol)"
PM9-D12,"(20% Ethylene Glycol)"
PM9-E01,"(1% Sodium Formate)"
PM9-E02,"(2% Sodium Formate)"
PM9-E03,"(3% Sodium Formate)"
PM9-E04,"(4% Sodium Formate)"
PM9-E05,"(5% Sodium Formate)"
PM9-E06,"(6% Sodium Formate)"
PM9-E07,"(2% Urea)"
PM9-E08,"(3% Urea)"
PM9-E09,"(4% Urea)"
PM9-E10,"(5% Urea)"
PM9-E11,"(6% Urea)"
PM9-E12,"(7% Urea)"
PM9-F01,"(1% Sodium Lactate)"
PM9-F02,"(2% Sodium Lactate)"
PM9-F03,"(3% Sodium Lactate)"
PM9-F04,"(4% Sodium Lactate)"
PM9-F05,"(5% Sodium Lactate)"
PM9-F06,"(6% Sodium Lactate)"
PM9-F07,"(7% Sodium Lactate)"
PM9-F08,"(8% Sodium Lactate)"
PM9-F09,"(9% Sodium Lactate)"
PM9-F10,"(10% Sodium Lactate)"
PM9-F11,"(11% Sodium Lactate)"
PM9-F12,"(12% Sodium Lactate)"
PM9-G01,"(20mM Sodium Phosphate + pH 7)"
PM9-G02,"(50mM Sodium Phosphate + pH 7)"
PM9-G03,"(100mM Sodium Phosphate + pH 7)"
PM9-G04,"(200mM Sodium Phosphate + pH 7)"
PM9-G05,"(20mM Sodium Benzoate + pH 5.2)"
PM9-G06,"(50mM Sodium Benzoate + pH 5.2)"
PM9-G07,"(100mM Sodium Benzoate + pH 5.2)"
PM9-G08,"(200mM Sodium Benzoate + pH 5.2)"
PM9-G09,"(10mM Ammonium Sulfate + pH 8)"
PM9-G10,"(20mM Ammonium Sulfate + pH 8)"
PM9-G11,"(50mM Ammonium Sulfate + pH 8)"
PM9-G12,"(100mM Ammonium Sulfate + pH 8)"
PM9-H01,"(10mM Sodium Nitrate)"
PM9-H02,"(20mM Sodium Nitrate)"
PM9-H03,"(40mM Sodium Nitrate)"
PM9-H04,"(60mM Sodium Nitrate)"
PM9-H05,"(80mM Sodium Nitrate)"
PM9-H06,"(100mM Sodium Nitrate)"
PM9-H07,"(10mM Sodium Nitrite)"
PM9-H08,"(20mM Sodium Nitrite)"
PM9-H09,"(40mM Sodium Nitrite)"
PM9-H10,"(60mM Sodium Nitrite)"
PM9-H11,"(80mM Sodium Nitrite)"
PM9-H12,"(100mM Sodium Nitrite)"
PM10-A01,"(pH 3.5)"
PM10-A02,"(pH 4)"
PM10-A03,"(pH 4.5)"
PM10-A04,"(pH 5)"
PM10-A05,"(pH 5.5)"
PM10-A06,"(pH 6)"
PM10-A07,"(pH 7)"
PM10-A08,"(pH 8)"
PM10-A09,"(pH 8.5)"
PM10-A10,"(pH 9)"
PM10-A11,"(pH 9.5)"
PM10-A12,"(pH 10)"
PM10-B01,"(pH 4.5)"
PM10-B02,"(L-Alanine + pH 4.5)"
PM10-B03,"(L-Arginine + pH 4.5)"
PM10-B04,"(L-Asparagine + pH 4.5)"
PM10-B05,"(L-Aspartic Acid + pH 4.5)"
PM10-B06,"(L-Glutamic Acid + pH 4.5)"
PM10-B07,"(L-Glutamine + pH 4.5)"
PM10-B08,"(Glycine + pH 4.5)"
PM10-B09,"(L-Histidine + pH 4.5)"
PM10-B10,"(L-Isoleucine + pH 4.5)"
PM10-B11,"(L-Leucine + pH 4.5)"
PM10-B12,"(L-Lysine + pH 4.5)"
PM10-C01,"(L-Methionine + pH 4.5)"
PM10-C02,"(L-Phenylalanine + pH 4.5)"
PM10-C03,"(L-Proline + pH 4.5)"
PM10-C04,"(L-Serine + pH 4.5)"
PM10-C05,"(L-Threonine + pH 4.5)"
PM10-C06,"(L-Tryptophan + pH 4.5)"
PM10-C07,"(L-Citrulline + pH 4.5)"
PM10-C08,"(L-Valine + pH 4.5)"
PM10-C09,"(4-Hydroxy-L-Proline [trans] + pH 4.5)"
PM10-C10,"(L-Ornithine + pH 4.5)"
PM10-C11,"(L-Homoarginine + pH 4.5)"
PM10-C12,"(L-Homoserine + pH 4.5)"
PM10-D01,"(Anthranilic Acid + pH 4.5)"
PM10-D02,"(L-Norleucine + pH 4.5)"
PM10-D03,"(L-Norvaline + pH 4.5)"
PM10-D04,"(D,L-α-Amino-Butyric Acid + pH 4.5)"
PM10-D05,"(p-Amino-Benzoic Acid + pH 4.5)"
PM10-D06,"(L-Cysteic Acid + pH 4.5)"
PM10-D07,"(D-Lysine + pH 4.5)"
PM10-D08,"(5-Hydroxy-L-Lysine + pH 4.5)"
PM10-D09,"(5-Hydroxy-L-Tryptophan + pH 4.5)"
PM10-D10,"(D,L-Diamino-Pimelic Acid + pH 4.5)"
PM10-D11,"(Trimethylamine-N-Oxide + pH 4.5)"
PM10-D12,"(Urea + pH 4.5)"
PM10-E01,"(pH 9.5)"
PM10-E02,"(L-Alanine + pH 9.5)"
PM10-E03,"(L-Arginine + pH 9.5)"
PM10-E04,"(L-Asparagine + pH 9.5)"
PM10-E05,"(L-Aspartic Acid + pH 9.5)"
PM10-E06,"(L-Glutamic Acid + pH 9.5)"
PM10-E07,"(L-Glutamine + pH 9.5)"
PM10-E08,"(Glycine + pH 9.5)"
PM10-E09,"(L-Histidine + pH 9.5)"
PM10-E10,"(L-Isoleucine + pH 9.5)"
PM10-E11,"(L-Leucine + pH 9.5)"
PM10-E12,"(L-Lysine + pH 9.5)"
PM10-F01,"(L-Methionine + pH 9.5)"
PM10-F02,"(L-Phenylalanine + pH 9.5)"
PM10-F03,"(L-Proline + pH 9.5)"
PM10-F04,"(L-Serine + pH 9.5)"
PM10-F05,"(L-Threonine + pH 9.5)"
PM10-F06,"(L-Tryptophan + pH 9.5)"
PM10-F07,"(L-Tyrosine + pH 9.5)"
PM10-F08,"(L-Valine + pH 9.5)"
PM10-F09,"(4-Hydroxy-L-Proline [trans] + pH 9.5)"
PM10-F10,"(L-Ornithine + pH 9.5)"
PM10-F11,"(L-Homoarginine + pH 9.5)"
PM10-F12,"(L-Homoserine + pH 9.5)"
PM10-G01,"(Anthranilic Acid + pH 9.5)"
PM10-G02,"(L-Norleucine + pH 9.5)"
PM10-G03,"(L-Norvaline + pH 9.5)"
PM10-G04,"(Agmatine + pH 9.5)"
PM10-G05,"(Cadaverine + pH 9.5)"
PM10-G06,"(Putrescine + pH 9.5)"
PM10-G07,"(Histamine + pH 9.5)"
PM10-G08,"(β-Phenylethylamine + pH 9.5)"
PM10-G09,"(Tyramine + pH 9.5)"
PM10-G10,"(Creatine + pH 9.5)"
PM10-G11,"(Trimethylamine-N-Oxide + pH 9.5)"
PM10-G12,"(Urea + pH 9.5)"
PM10-H01,"(5-Bromo-4-chloro-3-indolyl Caprylate)"
PM10-H02,"(5-Bromo-4-chloro-3-indolyl α-D-Glucoside)"
PM10-H03,"(5-Bromo-4-chloro-3-indolyl β-D-Glucoside)"
PM10-H04,"(5-Bromo-4-chloro-3-indolyl α-D-Galactoside)"
PM10-H05,"(5-Bromo-4-chloro-3-indolyl β-D-Galactoside)"
PM10-H06,"(5-Bromo-4-chloro-3-indolyl α-D-Glucuronide)"
PM10-H07,"(5-Bromo-4-chloro-3-indolyl β-D-Glucuronide)"
PM10-H08,"(5-Bromo-4-chloro-3-indolyl β-D-Glucosaminide)"
PM10-H09,"(5-Bromo-4-chloro-3-indolyl β-D-Galactosaminide)"
PM10-H10,"(5-Bromo-4-chloro-3-indolyl α-D-Mannoside)"
PM10-H11,"(5-Bromo-4-chloro-3-indolyl Phosphate)"
PM10-H12,"(5-Bromo-4-chloro-3-indolyl Sulfate)"
PM11-A01,"(Amikacin #1)"
PM11-A02,"(Amikacin #2)"
PM11-A03,"(Amikacin #3)"
PM11-A04,"(Amikacin #4)"
PM11-A05,"(Chlortetracycline #1)"
PM11-A06,"(Chlortetracycline #2)"
PM11-A07,"(Chlortetracycline #3)"
PM11-A08,"(Chlortetracycline #4)"
PM11-A09,"(Lincomycin #1)"
PM11-A10,"(Lincomycin #2)"
PM11-A11,"(Lincomycin #3)"
PM11-A12,"(Lincomycin #4)"
PM11-B01,"(Amoxicillin #1)"
PM11-B02,"(Amoxicillin #2)"
PM11-B03,"(Amoxicillin #3)"
PM11-B04,"(Amoxicillin #4)"
PM11-B05,"(Cloxacillin #1)"
PM11-B06,"(Cloxacillin #2)"
PM11-B07,"(Cloxacillin #3)"
PM11-B08,"(Cloxacillin #4)"
PM11-B09,"(Lomefloxacin #1)"
PM11-B10,"(Lomefloxacin #2)"
PM11-B11,"(Lomefloxacin #3)"
PM11-B12,"(Lomefloxacin #4)"
PM11-C01,"(Bleomycin #1)"
PM11-C02,"(Bleomycin #2)"
PM11-C03,"(Bleomycin #3)"
PM11-C04,"(Bleomycin #4)"
PM11-C05,"(Colistin #1)"
PM11-C06,"(Colistin #2)"
PM11-C07,"(Colistin #3)"
PM11-C08,"(Colistin #4)"
PM11-C09,"(Minocycline #1)"
PM11-C10,"(Minocycline #2)"
PM11-C11,"(Minocycline #3)"
PM11-C12,"(Minocycline #4)"
PM11-D01,"(Capreomycin #1)"
PM11-D02,"(Capreomycin #2)"
PM11-D03,"(Capreomycin #3)"
PM11-D04,"(Capreomycin #4)"
PM11-D05,"(Demeclocycline #1)"
PM11-D06,"(Demeclocycline #2)"
PM11-D07,"(Demeclocycline #3)"
PM11-D08,"(Demeclocycline #4)"
PM11-D09,"(Nafcillin #1)"
PM11-D10,"(Nafcillin #2)"
PM11-D11,"(Nafcillin #3)"
PM11-D12,"(Nafcillin #4)"
PM11-E01,"(Cefazolin #1)"
PM11-E02,"(Cefazolin #2)"
PM11-E03,"(Cefazolin #3)"
PM11-E04,"(Cefazolin #4)"
PM11-E05,"(Enoxacin #1)"
PM11-E06,"(Enoxacin #2)"
PM11-E07,"(Enoxacin #3)"
PM11-E08,"(Enoxacin #4)"
PM11-E09,"(Nalidixic Acid #1)"
PM11-E10,"(Nalidixic Acid #2)"
PM11-E11,"(Nalidixic Acid #3)"
PM11-E12,"(Nalidixic Acid #4)"
PM11-F01,"(Chloramphenicol #1)"
PM11-F02,"(Chloramphenicol #2)"
PM11-F03,"(Chloramphenicol #3)"
PM11-F04,"(Chloramphenicol #4)"
PM11-F05,"(Erythromycin #1)"
PM11-F06,"(Erythromycin #2)"
PM11-F07,"(Erythromycin #3)"
PM11-F08,"(Erythromycin #4)"
PM11-F09,"(Neomycin #1)"
PM11-F10,"(Neomycin #2)"
PM11-F11,"(Neomycin #3)"
PM11-F12,"(Neomycin #4)"
PM11-G01,"(Ceftriaxone #1)"
PM11-G02,"(Ceftriaxone #2)"
PM11-G03,"(Ceftriaxone #3)"
PM11-G04,"(Ceftriaxone #4)"
PM11-G05,"(Gentamicin #1)"
PM11-G06,"(Gentamicin #2)"
PM11-G07,"(Gentamicin #3)"
PM11-G08,"(Gentamicin #4)"
PM11-G09,"(Potassium Tellurite #1)"
PM11-G10,"(Potassium Tellurite #2)"
PM11-G11,"(Potassium Tellurite #3)"
PM11-G12,"(Potassium Tellurite #4)"
PM11-H01,"(Cephalothin #1)"
PM11-H02,"(Cephalothin #2)"
PM11-H03,"(Cephalothin #3)"
PM11-H04,"(Cephalothin #4)"
PM11-H05,"(Kanamycin #1)"
PM11-H06,"(Kanamycin #2)"
PM11-H07,"(Kanamycin #3)"
PM11-H08,"(Kanamycin #4)"
PM11-H09,"(Ofloxacin #1)"
PM11-H10,"(Ofloxacin #2)"
PM11-H11,"(Ofloxacin #3)"
PM11-H12,"(Ofloxacin #4)"
PM12-A01,"(Penicillin G #1)"
PM12-A02,"(Penicillin G #2)"
PM12-A03,"(Penicillin G #3)"
PM12-A04,"(Penicillin G #4)"
PM12-A05,"(Tetracycline #1)"
PM12-A06,"(Tetracycline #2)"
PM12-A07,"(Tetracycline #3)"
PM12-A08,"(Tetracycline #4)"
PM12-A09,"(Carbenicillin #1)"
PM12-A10,"(Carbenicillin #2)"
PM12-A11,"(Carbenicillin #3)"
PM12-A12,"(Carbenicillin #4)"
PM12-B01,"(Oxacillin #1)"
PM12-B02,"(Oxacillin #2)"
PM12-B03,"(Oxacillin #3)"
PM12-B04,"(Oxacillin #4)"
PM12-B05,"(Penimepicycline #1)"
PM12-B06,"(Penimepicycline #2)"
PM12-B07,"(Penimepicycline #3)"
PM12-B08,"(Penimepicycline #4)"
PM12-B09,"(Polymyxin B #1)"
PM12-B10,"(Polymyxin B #2)"
PM12-B11,"(Polymyxin B #3)"
PM12-B12,"(Polymyxin B #4)"
PM12-C01,"(Paromomycin #1)"
PM12-C02,"(Paromomycin #2)"
PM12-C03,"(Paromomycin #3)"
PM12-C04,"(Paromomycin #4)"
PM12-C05,"(Vancomycin #1)"
PM12-C06,"(Vancomycin #2)"
PM12-C07,"(Vancomycin #3)"
PM12-C08,"(Vancomycin #4)"
PM12-C09,"(D,L-Serine Hydroxamate #1)"
PM12-C10,"(D,L-Serine Hydroxamate #2)"
PM12-C11,"(D,L-Serine Hydroxamate #3)"
PM12-C12,"(D,L-Serine Hydroxamate #4)"
PM12-D01,"(Sisomicin #1)"
PM12-D02,"(Sisomicin #2)"
PM12-D03,"(Sisomicin #3)"
PM12-D04,"(Sisomicin #4)"
PM12-D05,"(Sulfamethazine #1)"
PM12-D06,"(Sulfamethazine #2)"
PM12-D07,"(Sulfamethazine #3)"
PM12-D08,"(Sulfamethazine #4)"
PM12-D09,"(Novobiocin #1)"
PM12-D10,"(Novobiocin #2)"
PM12-D11,"(Novobiocin #3)"
PM12-D12,"(Novobiocin #4)"
PM12-E01,"(2,4-Diamino-6,7-Diisopropylpteridine #1)"
PM12-E02,"(2,4-Diamino-6,7-Diisopropylpteridine #2)"
PM12-E03,"(2,4-Diamino-6,7-Diisopropylpteridine #3)"
PM12-E04,"(2,4-Diamino-6,7-Diisopropylpteridine #4)"
PM12-E05,"(Sulfadiazine #1)"
PM12-E06,"(Sulfadiazine #2)"
PM12-E07,"(Sulfadiazine #3)"
PM12-E08,"(Sulfadiazine #4)"
PM12-E09,"(Benzethonium Chloride #1)"
PM12-E10,"(Benzethonium Chloride #2)"
PM12-E11,"(Benzethonium Chloride #3)"
PM12-E12,"(Benzethonium Chloride #4)"
PM12-F01,"(Tobramycin #1)"
PM12-F02,"(Tobramycin #2)"
PM12-F03,"(Tobramycin #3)"
PM12-F04,"(Tobramycin #4)"
PM12-F05,"(Sulfathiazole #1)"
PM12-F06,"(Sulfathiazole #2)"
PM12-F07,"(Sulfathiazole #3)"
PM12-F08,"(Sulfathiazole #4)"
PM12-F09,"(5-Fluoroorotic Acid #1)"
PM12-F10,"(5-Fluoroorotic Acid #2)"
PM12-F11,"(5-Fluoroorotic Acid #3)"
PM12-F12,"(5-Fluoroorotic Acid #4)"
PM12-G01,"(Spectinomycin #1)"
PM12-G02,"(Spectinomycin #2)"
PM12-G03,"(Spectinomycin #3)"
PM12-G04,"(Spectinomycin #4)"
PM12-G05,"(Sulfamethoxazole #1)"
PM12-G06,"(Sulfamethoxazole #2)"
PM12-G07,"(Sulfamethoxazole #3)"
PM12-G08,"(Sulfamethoxazole #4)"
PM12-G09,"(L-Aspartic-β-Hydroxamate #1)"
PM12-G10,"(L-Aspartic-β-Hydroxamate #2)"
PM12-G11,"(L-Aspartic-β-Hydroxamate #3)"
PM12-G12,"(L-Aspartic-β-Hydroxamate #4)"
PM12-H01,"(Spiramycin #1)"
PM12-H02,"(Spiramycin #2)"
PM12-H03,"(Spiramycin #3)"
PM12-H04,"(Spiramycin #4)"
PM12-H05,"(Rifampicin #1)"
PM12-H06,"(Rifampicin #2)"
PM12-H07,"(Rifampicin #3)"
PM12-H08,"(Rifampicin #4)"
PM12-H09,"(Dodecyltrimethyl Ammonium Bromide #1)"
PM12-H10,"(Dodecyltrimethyl Ammonium Bromide #2)"
PM12-H11,"(Dodecyltrimethyl Ammonium Bromide #3)"
PM12-H12,"(Dodecyltrimethyl Ammonium Bromide #4)"
PM13-A01,"(Ampicillin #1)"
PM13-A02,"(Ampicillin #2)"
PM13-A03,"(Ampicillin #3)"
PM13-A04,"(Ampicillin #4)"
PM13-A05,"(Dequalinium #1)"
PM13-A06,"(Dequalinium #2)"
PM13-A07,"(Dequalinium #3)"
PM13-A08,"(Dequalinium #4)"
PM13-A09,"(Nickel Chloride #1)"
PM13-A10,"(Nickel Chloride #2)"
PM13-A11,"(Nickel Chloride #3)"
PM13-A12,"(Nickel Chloride #4)"
PM13-B01,"(Azlocillin #1)"
PM13-B02,"(Azlocillin #2)"
PM13-B03,"(Azlocillin #3)"
PM13-B04,"(Azlocillin #4)"
PM13-B05,"(2,2′-Dipyridyl #1)"
PM13-B06,"(2,2′-Dipyridyl #2)"
PM13-B07,"(2,2′-Dipyridyl #3)"
PM13-B08,"(2,2′-Dipyridyl #4)"
PM13-B09,"(Oxolinic Acid #1)"
PM13-B10,"(Oxolinic Acid #2)"
PM13-B11,"(Oxolinic Acid #3)"
PM13-B12,"(Oxolinic Acid #4)"
PM13-C01,"(Mercaptopurine #1)"
PM13-C02,"(Mercaptopurine #2)"
PM13-C03,"(Mercaptopurine #3)"
PM13-C04,"(Mercaptopurine #4)"
PM13-C05,"(Doxycycline #1)"
PM13-C06,"(Doxycycline #2)"
PM13-C07,"(Doxycycline #3)"
PM13-C08,"(Doxycycline #4)"
PM13-C09,"(Potassium Chromate #1)"
PM13-C10,"(Potassium Chromate #2)"
PM13-C11,"(Potassium Chromate #3)"
PM13-C12,"(Potassium Chromate #4)"
PM13-D01,"(Cefuroxime #1)"
PM13-D02,"(Cefuroxime #2)"
PM13-D03,"(Cefuroxime #3)"
PM13-D04,"(Cefuroxime #4)"
PM13-D05,"(5-Fluorouracil #1)"
PM13-D06,"(5-Fluorouracil #2)"
PM13-D07,"(5-Fluorouracil #3)"
PM13-D08,"(5-Fluorouracil #4)"
PM13-D09,"(Rolitetracycline #1)"
PM13-D10,"(Rolitetracycline #2)"
PM13-D11,"(Rolitetracycline #3)"
PM13-D12,"(Rolitetracycline #4)"
PM13-E01,"(Cytarabine #1)"
PM13-E02,"(Cytarabine #2)"
PM13-E03,"(Cytarabine #3)"
PM13-E04,"(Cytarabine #4)"
PM13-E05,"(Geneticin [G418] #1)"
PM13-E06,"(Geneticin [G418] #2)"
PM13-E07,"(Geneticin [G418] #3)"
PM13-E08,"(Geneticin [G418] #4)"
PM13-E09,"(Ruthenium Red #1)"
PM13-E10,"(Ruthenium Red #2)"
PM13-E11,"(Ruthenium Red #3)"
PM13-E12,"(Ruthenium Red #4)"
PM13-F01,"(Cesium Chloride #1)"
PM13-F02,"(Cesium Chloride #2)"
PM13-F03,"(Cesium Chloride #3)"
PM13-F04,"(Cesium Chloride #4)"
PM13-F05,"(Glycine #1)"
PM13-F06,"(Glycine #2)"
PM13-F07,"(Glycine #3)"
PM13-F08,"(Glycine #4)"
PM13-F09,"(Thallium [I] Acetate #1)"
PM13-F10,"(Thallium [I] Acetate #2)"
PM13-F11,"(Thallium [I] Acetate #3)"
PM13-F12,"(Thallium [I] Acetate #4)"
PM13-G01,"(Cobalt [II] Chloride #1)"
PM13-G02,"(Cobalt [II] Chloride #2)"
PM13-G03,"(Cobalt [II] Chloride #3)"
PM13-G04,"(Cobalt [II] Chloride #4)"
PM13-G05,"(Manganese [II] Chloride #1)"
PM13-G06,"(Manganese [II] Chloride #2)"
PM13-G07,"(Manganese [II] Chloride #3)"
PM13-G08,"(Manganese [II] Chloride #4)"
PM13-G09,"(Trifluoperazine #1)"
PM13-G10,"(Trifluoperazine #2)"
PM13-G11,"(Trifluoperazine #3)"
PM13-G12,"(Trifluoperazine #4)"
PM13-H01,"(Copper [II] Chloride #1)"
PM13-H02,"(Copper [II] Chloride #2)"
PM13-H03,"(Copper [II] Chloride #3)"
PM13-H04,"(Copper [II] Chloride #4)"
PM13-H05,"(Moxalactam #1)"
PM13-H06,"(Moxalactam #2)"
PM13-H07,"(Moxalactam #3)"
PM13-H08,"(Moxalactam #4)"
PM13-H09,"(Tylosin #1)"
PM13-H10,"(Tylosin #2)"
PM13-H11,"(Tylosin #3)"
PM13-H12,"(Tylosin #4)"
PM14-A01,"(Acriflavine #1)"
PM14-A02,"(Acriflavine #2)"
PM14-A03,"(Acriflavine #3)"
PM14-A04,"(Acriflavine #4)"
PM14-A05,"(Furaltadone #1)"
PM14-A06,"(Furaltadone #2)"
PM14-A07,"(Furaltadone #3)"
PM14-A08,"(Furaltadone #4)"
PM14-A09,"(Sanguinarine #1)"
PM14-A10,"(Sanguinarine #2)"
PM14-A11,"(Sanguinarine #3)"
PM14-A12,"(Sanguinarine #4)"
PM14-B01,"(Aminacrine #1)"
PM14-B02,"(Aminacrine #2)"
PM14-B03,"(Aminacrine #3)"
PM14-B04,"(Aminacrine #4)"
PM14-B05,"(Fusaric Acid #1)"
PM14-B06,"(Fusaric Acid #2)"
PM14-B07,"(Fusaric Acid #3)"
PM14-B08,"(Fusaric Acid #4)"
PM14-B09,"(Sodium Arsenate #1)"
PM14-B10,"(Sodium Arsenate #2)"
PM14-B11,"(Sodium Arsenate #3)"
PM14-B12,"(Sodium Arsenate #4)"
PM14-C01,"(Boric Acid #1)"
PM14-C02,"(Boric Acid #2)"
PM14-C03,"(Boric Acid #3)"
PM14-C04,"(Boric Acid #4)"
PM14-C05,"(1-Hydroxy-Pyridine-2-Thione #1)"
PM14-C06,"(1-Hydroxy-Pyridine-2-Thione #2)"
PM14-C07,"(1-Hydroxy-Pyridine-2-Thione #3)"
PM14-C08,"(1-Hydroxy-Pyridine-2-Thione #4)"
PM14-C09,"(Sodium Cyanate #1)"
PM14-C10,"(Sodium Cyanate #2)"
PM14-C11,"(Sodium Cyanate #3)"
PM14-C12,"(Sodium Cyanate #4)"
PM14-D01,"(Cadmium Chloride #1)"
PM14-D02,"(Cadmium Chloride #2)"
PM14-D03,"(Cadmium Chloride #3)"
PM14-D04,"(Cadmium Chloride #4)"
PM14-D05,"(Iodoacetic Acid #1)"
PM14-D06,"(Iodoacetic Acid #2)"
PM14-D07,"(Iodoacetic Acid #3)"
PM14-D08,"(Iodoacetic Acid #4)"
PM14-D09,"(Sodium Dichromate #1)"
PM14-D10,"(Sodium Dichromate #2)"
PM14-D11,"(Sodium Dichromate #3)"
PM14-D12,"(Sodium Dichromate #4)"
PM14-E01,"(Cefoxitin #1)"
PM14-E02,"(Cefoxitin #2)"
PM14-E03,"(Cefoxitin #3)"
PM14-E04,"(Cefoxitin #4)"
PM14-E05,"(Nitrofurantoin #1)"
PM14-E06,"(Nitrofurantoin #2)"
PM14-E07,"(Nitrofurantoin #3)"
PM14-E08,"(Nitrofurantoin #4)"
PM14-E09,"(Sodium Metaborate #1)"
PM14-E10,"(Sodium Metaborate #2)"
PM14-E11,"(Sodium Metaborate #3)"
PM14-E12,"(Sodium Metaborate #4)"
PM14-F01,"(Chloramphenicol #1)"
PM14-F02,"(Chloramphenicol #2)"
PM14-F03,"(Chloramphenicol #3)"
PM14-F04,"(Chloramphenicol #4)"
PM14-F05,"(Piperacillin #1)"
PM14-F06,"(Piperacillin #2)"
PM14-F07,"(Piperacillin #3)"
PM14-F08,"(Piperacillin #4)"
PM14-F09,"(Sodium Metavanadate #1)"
PM14-F10,"(Sodium Metavanadate #2)"
PM14-F11,"(Sodium Metavanadate #3)"
PM14-F12,"(Sodium Metavanadate #4)"
PM14-G01,"(Chelerythrine #1)"
PM14-G02,"(Chelerythrine #2)"
PM14-G03,"(Chelerythrine #3)"
PM14-G04,"(Chelerythrine #4)"
PM14-G05,"(Carbenicillin #1)"
PM14-G06,"(Carbenicillin #2)"
PM14-G07,"(Carbenicillin #3)"
PM14-G08,"(Carbenicillin #4)"
PM14-G09,"(Sodium Nitrite #1)"
PM14-G10,"(Sodium Nitrite #2)"
PM14-G11,"(Sodium Nitrite #3)"
PM14-G12,"(Sodium Nitrite #4)"
PM14-H01,"(EGTA #1)"
PM14-H02,"(EGTA #2)"
PM14-H03,"(EGTA #3)"
PM14-H04,"(EGTA #4)"
PM14-H05,"(Promethazine #1)"
PM14-H06,"(Promethazine #2)"
PM14-H07,"(Promethazine #3)"
PM14-H08,"(Promethazine #4)"
PM14-H09,"(Sodium Orthovanadate #1)"
PM14-H10,"(Sodium Orthovanadate #2)"
PM14-H11,"(Sodium Orthovanadate #3)"
PM14-H12,"(Sodium Orthovanadate #4)"
PM15-A01,"(Procaine #1)"
PM15-A02,"(Procaine #2)"
PM15-A03,"(Procaine #3)"
PM15-A04,"(Procaine #4)"
PM15-A05,"(Guanidine Hydrochloride #1)"
PM15-A06,"(Guanidine Hydrochloride #2)"
PM15-A07,"(Guanidine Hydrochloride #3)"
PM15-A08,"(Guanidine Hydrochloride #4)"
PM15-A09,"(Cefmetazole #1)"
PM15-A10,"(Cefmetazole #2)"
PM15-A11,"(Cefmetazole #3)"
PM15-A12,"(Cefmetazole #4)"
PM15-B01,"(D-Cycloserine #1)"
PM15-B02,"(D-Cycloserine #2)"
PM15-B03,"(D-Cycloserine #3)"
PM15-B04,"(D-Cycloserine #4)"
PM15-B05,"(EDTA #1)"
PM15-B06,"(EDTA #2)"
PM15-B07,"(EDTA #3)"
PM15-B08,"(EDTA #4)"
PM15-B09,"(5,7-Dichloro-8-Hydroxy-Quinaldine #1)"
PM15-B10,"(5,7-Dichloro-8-Hydroxy-Quinaldine #2)"
PM15-B11,"(5,7-Dichloro-8-Hydroxy-Quinaldine #3)"
PM15-B12,"(5,7-Dichloro-8-Hydroxy-Quinaldine #4)"
PM15-C01,"(5,7-Dichloro-8-Hydroxyquinoline #1)"
PM15-C02,"(5,7-Dichloro-8-Hydroxyquinoline #2)"
PM15-C03,"(5,7-Dichloro-8-Hydroxyquinoline #3)"
PM15-C04,"(5,7-Dichloro-8-Hydroxyquinoline #4)"
PM15-C05,"(Fusidic Acid #1)"
PM15-C06,"(Fusidic Acid #2)"
PM15-C07,"(Fusidic Acid #3)"
PM15-C08,"(Fusidic Acid #4)"
PM15-C09,"(1,10-Phenanthroline #1)"
PM15-C10,"(1,10-Phenanthroline #2)"
PM15-C11,"(1,10-Phenanthroline #3)"
PM15-C12,"(1,10-Phenanthroline #4)"
PM15-D01,"(Phleomycin #1)"
PM15-D02,"(Phleomycin #2)"
PM15-D03,"(Phleomycin #3)"
PM15-D04,"(Phleomycin #4)"
PM15-D05,"(Domiphen Bromide #1)"
PM15-D06,"(Domiphen Bromide #2)"
PM15-D07,"(Domiphen Bromide #3)"
PM15-D08,"(Domiphen Bromide #4)"
PM15-D09,"(Nordihydroguaiaretic Acid #1)"
PM15-D10,"(Nordihydroguaiaretic Acid #2)"
PM15-D11,"(Nordihydroguaiaretic Acid #3)"
PM15-D12,"(Nordihydroguaiaretic Acid #4)"
PM15-E01,"(Alexidine #1)"
PM15-E02,"(Alexidine #2)"
PM15-E03,"(Alexidine #3)"
PM15-E04,"(Alexidine #4)"
PM15-E05,"(Nitrofurazone #1)"
PM15-E06,"(Nitrofurazone #2)"
PM15-E07,"(Nitrofurazone #3)"
PM15-E08,"(Nitrofurazone #4)"
PM15-E09,"(Methyl Viologen #1)"
PM15-E10,"(Methyl Viologen #2)"
PM15-E11,"(Methyl Viologen #3)"
PM15-E12,"(Methyl Viologen #4)"
PM15-F01,"(3,4-Dimethoxybenzyl Alcohol #1)"
PM15-F02,"(3,4-Dimethoxybenzyl Alcohol #2)"
PM15-F03,"(3,4-Dimethoxybenzyl Alcohol #3)"
PM15-F04,"(3,4-Dimethoxybenzyl Alcohol #4)"
PM15-F05,"(Oleandomycin #1)"
PM15-F06,"(Oleandomycin #2)"
PM15-F07,"(Oleandomycin #3)"
PM15-F08,"(Oleandomycin #4)"
PM15-F09,"(Puromycin #1)"
PM15-F10,"(Puromycin #2)"
PM15-F11,"(Puromycin #3)"
PM15-F12,"(Puromycin #4)"
PM15-G01,"(CCCP #1)"
PM15-G02,"(CCCP #2)"
PM15-G03,"(CCCP #3)"
PM15-G04,"(CCCP #4)"
PM15-G05,"(Sodium Azide #1)"
PM15-G06,"(Sodium Azide #2)"
PM15-G07,"(Sodium Azide #3)"
PM15-G08,"(Sodium Azide #4)"
PM15-G09,"(Menadione #1)"
PM15-G10,"(Menadione #2)"
PM15-G11,"(Menadione #3)"
PM15-G12,"(Menadione #4)"
PM15-H01,"(2-Nitroimidazole #1)"
PM15-H02,"(2-Nitroimidazole #2)"
PM15-H03,"(2-Nitroimidazole #3)"
PM15-H04,"(2-Nitroimidazole #4)"
PM15-H05,"(Hydroxyurea #1)"
PM15-H06,"(Hydroxyurea #2)"
PM15-H07,"(Hydroxyurea #3)"
PM15-H08,"(Hydroxyurea #4)"
PM15-H09,"(Zinc Chloride #1)"
PM15-H10,"(Zinc Chloride #2)"
PM15-H11,"(Zinc Chloride #3)"
PM15-H12,"(Zinc Chloride #4)"
PM16-A01,"(Cefotaxime #1)"
PM16-A02,"(Cefotaxime #2)"
PM16-A03,"(Cefotaxime #3)"
PM16-A04,"(Cefotaxime #4)"
PM16-A05,"(Phosphomycin #1)"
PM16-A06,"(Phosphomycin #2)"
PM16-A07,"(Phosphomycin #3)"
PM16-A08,"(Phosphomycin #4)"
PM16-A09,"(5-Chloro-7-Iodo-8-Hydroxyquinoline #1)"
PM16-A10,"(5-Chloro-7-Iodo-8-Hydroxyquinoline #2)"
PM16-A11,"(5-Chloro-7-Iodo-8-Hydroxyquinoline #3)"
PM16-A12,"(5-Chloro-7-Iodo-8-Hydroxyquinoline #4)"
PM16-B01,"(Norfloxacin #1)"
PM16-B02,"(Norfloxacin #2)"
PM16-B03,"(Norfloxacin #3)"
PM16-B04,"(Norfloxacin #4)"
PM16-B05,"(Sulfanilamide #1)"
PM16-B06,"(Sulfanilamide #2)"
PM16-B07,"(Sulfanilamide #3)"
PM16-B08,"(Sulfanilamide #4)"
PM16-B09,"(Trimethoprim #1)"
PM16-B10,"(Trimethoprim #2)"
PM16-B11,"(Trimethoprim #3)"
PM16-B12,"(Trimethoprim #4)"
PM16-C01,"(Dichlofluanid #1)"
PM16-C02,"(Dichlofluanid #2)"
PM16-C03,"(Dichlofluanid #3)"
PM16-C04,"(Dichlofluanid #4)"
PM16-C05,"(Protamine Sulfate #1)"
PM16-C06,"(Protamine Sulfate #2)"
PM16-C07,"(Protamine Sulfate #3)"
PM16-C08,"(Protamine Sulfate #4)"
PM16-C09,"(Cetylpyridinium Chloride #1)"
PM16-C10,"(Cetylpyridinium Chloride #2)"
PM16-C11,"(Cetylpyridinium Chloride #3)"
PM16-C12,"(Cetylpyridinium Chloride #4)"
PM16-D01,"(1-Chloro-2,4-Dinitrobenzene #1)"
PM16-D02,"(1-Chloro-2,4-Dinitrobenzene #2)"
PM16-D03,"(1-Chloro-2,4-Dinitrobenzene #3)"
PM16-D04,"(1-Chloro-2,4-Dinitrobenzene #4)"
PM16-D05,"(Diamide #1)"
PM16-D06,"(Diamide #2)"
PM16-D07,"(Diamide #3)"
PM16-D08,"(Diamide #4)"
PM16-D09,"(Cinoxacin #1)"
PM16-D10,"(Cinoxacin #2)"
PM16-D11,"(Cinoxacin #3)"
PM16-D12,"(Cinoxacin #4)"
PM16-E01,"(Streptomycin #1)"
PM16-E02,"(Streptomycin #2)"
PM16-E03,"(Streptomycin #3)"
PM16-E04,"(Streptomycin #4)"
PM16-E05,"(5-Azacytidine #1)"
PM16-E06,"(5-Azacytidine #2)"
PM16-E07,"(5-Azacytidine #3)"
PM16-E08,"(5-Azacytidine #4)"
PM16-E09,"(Rifamycin SV #1)"
PM16-E10,"(Rifamycin SV #2)"
PM16-E11,"(Rifamycin SV #3)"
PM16-E12,"(Rifamycin SV #4)"
PM16-F01,"(Potassium Tellurite #1)"
PM16-F02,"(Potassium Tellurite #2)"
PM16-F03,"(Potassium Tellurite #3)"
PM16-F04,"(Potassium Tellurite #4)"
PM16-F05,"(Sodium Selenite #1)"
PM16-F06,"(Sodium Selenite #2)"
PM16-F07,"(Sodium Selenite #3)"
PM16-F08,"(Sodium Selenite #4)"
PM16-F09,"(Aluminum Sulfate #1)"
PM16-F10,"(Aluminum Sulfate #2)"
PM16-F11,"(Aluminum Sulfate #3)"
PM16-F12,"(Aluminum Sulfate #4)"
PM16-G01,"(Chromium [III] Chloride #1)"
PM16-G02,"(Chromium [III] Chloride #2)"
PM16-G03,"(Chromium [III] Chloride #3)"
PM16-G04,"(Chromium [III] Chloride #4)"
PM16-G05,"(Ferric Chloride #1)"
PM16-G06,"(Ferric Chloride #2)"
PM16-G07,"(Ferric Chloride #3)"
PM16-G08,"(Ferric Chloride #4)"
PM16-G09,"(L-Glutamic Acid γ-Hydroxamate #1)"
PM16-G10,"(L-Glutamic Acid γ-Hydroxamate #2)"
PM16-G11,"(L-Glutamic Acid γ-Hydroxamate #3)"
PM16-G12,"(L-Glutamic Acid γ-Hydroxamate #4)"
PM16-H01,"(Glycine Hydroxamate #1)"
PM16-H02,"(Glycine Hydroxamate #2)"
PM16-H03,"(Glycine Hydroxamate #3)"
PM16-H04,"(Glycine Hydroxamate #4)"
PM16-H05,"(Chloroxylenol #1)"
PM16-H06,"(Chloroxylenol #2)"
PM16-H07,"(Chloroxylenol #3)"
PM16-H08,"(Chloroxylenol #4)"
PM16-H09,"(Sorbic Acid #1)"
PM16-H10,"(Sorbic Acid #2)"
PM16-H11,"(Sorbic Acid #3)"
PM16-H12,"(Sorbic Acid #4)"
PM17-A01,"(D-Serine #1)"
PM17-A02,"(D-Serine #2)"
PM17-A03,"(D-Serine #3)"
PM17-A04,"(D-Serine #4)"
PM17-A05,"(β-Chloro-L-Alanine #1)"
PM17-A06,"(β-Chloro-L-Alanine #2)"
PM17-A07,"(β-Chloro-L-Alanine #3)"
PM17-A08,"(β-Chloro-L-Alanine #4)"
PM17-A09,"(Thiosalicylate #1)"
PM17-A10,"(Thiosalicylate #2)"
PM17-A11,"(Thiosalicylate #3)"
PM17-A12,"(Thiosalicylate #4)"
PM17-B01,"(2-Hydroxy-Benzoic Acid #1)"
PM17-B02,"(2-Hydroxy-Benzoic Acid #2)"
PM17-B03,"(2-Hydroxy-Benzoic Acid #3)"
PM17-B04,"(2-Hydroxy-Benzoic Acid #4)"
PM17-B05,"(Hygromycin B #1)"
PM17-B06,"(Hygromycin B #2)"
PM17-B07,"(Hygromycin B #3)"
PM17-B08,"(Hygromycin B #4)"
PM17-B09,"(Ethionamide #1)"
PM17-B10,"(Ethionamide #2)"
PM17-B11,"(Ethionamide #3)"
PM17-B12,"(Ethionamide #4)"
PM17-C01,"(4-Aminopyridine #1)"
PM17-C02,"(4-Aminopyridine #2)"
PM17-C03,"(4-Aminopyridine #3)"
PM17-C04,"(4-Aminopyridine #4)"
PM17-C05,"(Sulfachloropyridazine #1)"
PM17-C06,"(Sulfachloropyridazine #2)"
PM17-C07,"(Sulfachloropyridazine #3)"
PM17-C08,"(Sulfachloropyridazine #4)"
PM17-C09,"(Sulfamonomethoxine #1)"
PM17-C10,"(Sulfamonomethoxine #2)"
PM17-C11,"(Sulfamonomethoxine #3)"
PM17-C12,"(Sulfamonomethoxine #4)"
PM17-D01,"(Oxycarboxin #1)"
PM17-D02,"(Oxycarboxin #2)"
PM17-D03,"(Oxycarboxin #3)"
PM17-D04,"(Oxycarboxin #4)"
PM17-D05,"(3-Amino-1,2,4-triazole #1)"
PM17-D06,"(3-Amino-1,2,4-triazole #2)"
PM17-D07,"(3-Amino-1,2,4-triazole #3)"
PM17-D08,"(3-Amino-1,2,4-triazole #4)"
PM17-D09,"(Chlorpromazine #1)"
PM17-D10,"(Chlorpromazine #2)"
PM17-D11,"(Chlorpromazine #3)"
PM17-D12,"(Chlorpromazine #4)"
PM17-E01,"(Niaproof #1)"
PM17-E02,"(Niaproof #2)"
PM17-E03,"(Niaproof #3)"
PM17-E04,"(Niaproof #4)"
PM17-E05,"(Compound 48/80 #1)"
PM17-E06,"(Compound 48/80 #2)"
PM17-E07,"(Compound 48/80 #3)"
PM17-E08,"(Compound 48/80 #4)"
PM17-E09,"(Sodium Tungstate #1)"
PM17-E10,"(Sodium Tungstate #2)"
PM17-E11,"(Sodium Tungstate #3)"
PM17-E12,"(Sodium Tungstate #4)"
PM17-F01,"(Lithium Chloride #1)"
PM17-F02,"(Lithium Chloride #2)"
PM17-F03,"(Lithium Chloride #3)"
PM17-F04,"(Lithium Chloride #4)"
PM17-F05,"(D,L-Methionine Hydroxamate #1)"
PM17-F06,"(D,L-Methionine Hydroxamate #2)"
PM17-F07,"(D,L-Methionine Hydroxamate #3)"
PM17-F08,"(D,L-Methionine Hydroxamate #4)"
PM17-F09,"(Tannic Acid #1)"
PM17-F10,"(Tannic Acid #2)"
PM17-F11,"(Tannic Acid #3)"
PM17-F12,"(Tannic Acid #4)"
PM17-G01,"(Chlorambucil #1)"
PM17-G02,"(Chlorambucil #2)"
PM17-G03,"(Chlorambucil #3)"
PM17-G04,"(Chlorambucil #4)"
PM17-G05,"(Cefamandole Nafate #1)"
PM17-G06,"(Cefamandole Nafate #2)"
PM17-G07,"(Cefamandole Nafate #3)"
PM17-G08,"(Cefamandole Nafate #4)"
PM17-G09,"(Cefoperazone #1)"
PM17-G10,"(Cefoperazone #2)"
PM17-G11,"(Cefoperazone #3)"
PM17-G12,"(Cefoperazone #4)"
PM17-H01,"(Cefsulodin #1)"
PM17-H02,"(Cefsulodin #2)"
PM17-H03,"(Cefsulodin #3)"
PM17-H04,"(Cefsulodin #4)"
PM17-H05,"(Caffeine #1)"
PM17-H06,"(Caffeine #2)"
PM17-H07,"(Caffeine #3)"
PM17-H08,"(Caffeine #4)"
PM17-H09,"(Phenylarsine Oxide #1)"
PM17-H10,"(Phenylarsine Oxide #2)"
PM17-H11,"(Phenylarsine Oxide #3)"
PM17-H12,"(Phenylarsine Oxide #4)"
PM18-A01,"(Ketoprofen #1)"
PM18-A02,"(Ketoprofen #2)"
PM18-A03,"(Ketoprofen #3)"
PM18-A04,"(Ketoprofen #4)"
PM18-A05,"(Sodium Pyrophosphate #1)"
PM18-A06,"(Sodium Pyrophosphate #2)"
PM18-A07,"(Sodium Pyrophosphate #3)"
PM18-A08,"(Sodium Pyrophosphate #4)"
PM18-A09,"(Thiamphenicol #1)"
PM18-A10,"(Thiamphenicol #2)"
PM18-A11,"(Thiamphenicol #3)"
PM18-A12,"(Thiamphenicol #4)"
PM18-B01,"(Trifluorothymidine #1)"
PM18-B02,"(Trifluorothymidine #2)"
PM18-B03,"(Trifluorothymidine #3)"
PM18-B04,"(Trifluorothymidine #4)"
PM18-B05,"(Pipemidic Acid #1)"
PM18-B06,"(Pipemidic Acid #2)"
PM18-B07,"(Pipemidic Acid #3)"
PM18-B08,"(Pipemidic Acid #4)"
PM18-B09,"(Azathioprine #1)"
PM18-B10,"(Azathioprine #2)"
PM18-B11,"(Azathioprine #3)"
PM18-B12,"(Azathioprine #4)"
PM18-C01,"(Poly-L-Lysine #1)"
PM18-C02,"(Poly-L-Lysine #2)"
PM18-C03,"(Poly-L-Lysine #3)"
PM18-C04,"(Poly-L-Lysine #4)"
PM18-C05,"(Sulfisoxazole #1)"
PM18-C06,"(Sulfisoxazole #2)"
PM18-C07,"(Sulfisoxazole #3)"
PM18-C08,"(Sulfisoxazole #4)"
PM18-C09,"(Pentachlorophenol #1)"
PM18-C10,"(Pentachlorophenol #2)"
PM18-C11,"(Pentachlorophenol #3)"
PM18-C12,"(Pentachlorophenol #4)"
PM18-D01,"(Sodium m-Arsenite #1)"
PM18-D02,"(Sodium m-Arsenite #2)"
PM18-D03,"(Sodium m-Arsenite #3)"
PM18-D04,"(Sodium m-Arsenite #4)"
PM18-D05,"(Sodium Bromate #1)"
PM18-D06,"(Sodium Bromate #2)"
PM18-D07,"(Sodium Bromate #3)"
PM18-D08,"(Sodium Bromate #4)"
PM18-D09,"(Lidocaine #1)"
PM18-D10,"(Lidocaine #2)"
PM18-D11,"(Lidocaine #3)"
PM18-D12,"(Lidocaine #4)"
PM18-E01,"(Sodium Metasilicate #1)"
PM18-E02,"(Sodium Metasilicate #2)"
PM18-E03,"(Sodium Metasilicate #3)"
PM18-E04,"(Sodium Metasilicate #4)"
PM18-E05,"(Sodium Metaperiodate #1)"
PM18-E06,"(Sodium Metaperiodate #2)"
PM18-E07,"(Sodium Metaperiodate #3)"
PM18-E08,"(Sodium Metaperiodate #4)"
PM18-E09,"(Antimony [III] Chloride #1)"
PM18-E10,"(Antimony [III] Chloride #2)"
PM18-E11,"(Antimony [III] Chloride #3)"
PM18-E12,"(Antimony [III] Chloride #4)"
PM18-F01,"(Semicarbazide Hydrochloride #1)"
PM18-F02,"(Semicarbazide Hydrochloride #2)"
PM18-F03,"(Semicarbazide Hydrochloride #3)"
PM18-F04,"(Semicarbazide Hydrochloride #4)"
PM18-F05,"(Tinidazole #1)"
PM18-F06,"(Tinidazole #2)"
PM18-F07,"(Tinidazole #3)"
PM18-F08,"(Tinidazole #4)"
PM18-F09,"(Aztreonam #1)"
PM18-F10,"(Aztreonam #2)"
PM18-F11,"(Aztreonam #3)"
PM18-F12,"(Aztreonam #4)"
PM18-G01,"(Triclosan #1)"
PM18-G02,"(Triclosan #2)"
PM18-G03,"(Triclosan #3)"
PM18-G04,"(Triclosan #4)"
PM18-G05,"(Guanazole #1)"
PM18-G06,"(Guanazole #2)"
PM18-G07,"(Guanazole #3)"
PM18-G08,"(Guanazole #4)"
PM18-G09,"(Myricetin #1)"
PM18-G10,"(Myricetin #2)"
PM18-G11,"(Myricetin #3)"
PM18-G12,"(Myricetin #4)"
PM18-H01,"(5-Fluoro-5′-Deoxyuridine #1)"
PM18-H02,"(5-Fluoro-5′-Deoxyuridine #2)"
PM18-H03,"(5-Fluoro-5′-Deoxyuridine #3)"
PM18-H04,"(5-Fluoro-5′-Deoxyuridine #4)"
PM18-H05,"(2-Phenylphenol #1)"
PM18-H06,"(2-Phenylphenol #2)"
PM18-H07,"(2-Phenylphenol #3)"
PM18-H08,"(2-Phenylphenol #4)"
PM18-H09,"(Plumbagin #1)"
PM18-H10,"(Plumbagin #2)"
PM18-H11,"(Plumbagin #3)"
PM18-H12,"(Plumbagin #4)"
PM19-A01,"(Josamycin #1)"
PM19-A02,"(Josamycin #2)"
PM19-A03,"(Josamycin #3)"
PM19-A04,"(Josamycin #4)"
PM19-A05,"(Gallic Acid #1)"
PM19-A06,"(Gallic Acid #2)"
PM19-A07,"(Gallic Acid #3)"
PM19-A08,"(Gallic Acid #4)"
PM19-A09,"(Coumarin #1)"
PM19-A10,"(Coumarin #2)"
PM19-A11,"(Coumarin #3)"
PM19-A12,"(Coumarin #4)"
PM19-B01,"(Methyltrioctylammonium Chloride #1)"
PM19-B02,"(Methyltrioctylammonium Chloride #2)"
PM19-B03,"(Methyltrioctylammonium Chloride #3)"
PM19-B04,"(Methyltrioctylammonium Chloride #4)"
PM19-B05,"(Harmane #1)"
PM19-B06,"(Harmane #2)"
PM19-B07,"(Harmane #3)"
PM19-B08,"(Harmane #4)"
PM19-B09,"(2,4-Dinitrophenol #1)"
PM19-B10,"(2,4-Dinitrophenol #2)"
PM19-B11,"(2,4-Dinitrophenol #3)"
PM19-B12,"(2,4-Dinitrophenol #4)"
PM19-C01,"(Chlorhexidine #1)"
PM19-C02,"(Chlorhexidine #2)"
PM19-C03,"(Chlorhexidine #3)"
PM19-C04,"(Chlorhexidine #4)"
PM19-C05,"(Umbelliferone #1)"
PM19-C06,"(Umbelliferone #2)"
PM19-C07,"(Umbelliferone #3)"
PM19-C08,"(Umbelliferone #4)"
PM19-C09,"(Cinnamic Acid [trans] #1)"
PM19-C10,"(Cinnamic Acid [trans] #2)"
PM19-C11,"(Cinnamic Acid [trans] #3)"
PM19-C12,"(Cinnamic Acid [trans] #4)"
PM19-D01,"(Disulphiram #1)"
PM19-D02,"(Disulphiram #2)"
PM19-D03,"(Disulphiram #3)"
PM19-D04,"(Disulphiram #4)"
PM19-D05,"(Iodonitro Tetrazolium Violet #1)"
PM19-D06,"(Iodonitro Tetrazolium Violet #2)"
PM19-D07,"(Iodonitro Tetrazolium Violet #3)"
PM19-D08,"(Iodonitro Tetrazolium Violet #4)"
PM19-D09,"(Phenyl-Methyl-Sulfonyl Fluoride #1)"
PM19-D10,"(Phenyl-Methyl-Sulfonyl Fluoride #2)"
PM19-D11,"(Phenyl-Methyl-Sulfonyl Fluoride #3)"
PM19-D12,"(Phenyl-Methyl-Sulfonyl Fluoride #4)"
PM19-E01,"(FCCP #1)"
PM19-E02,"(FCCP #2)"
PM19-E03,"(FCCP #3)"
PM19-E04,"(FCCP #4)"
PM19-E05,"(D,L-α-Lipoic Acid #1)"
PM19-E06,"(D,L-α-Lipoic Acid #2)"
PM19-E07,"(D,L-α-Lipoic Acid #3)"
PM19-E08,"(D,L-α-Lipoic Acid #4)"
PM19-E09,"(Lawsone #1)"
PM19-E10,"(Lawsone #2)"
PM19-E11,"(Lawsone #3)"
PM19-E12,"(Lawsone #4)"
PM19-F01,"(Phenethicillin #1)"
PM19-F02,"(Phenethicillin #2)"
PM19-F03,"(Phenethicillin #3)"
PM19-F04,"(Phenethicillin #4)"
PM19-F05,"(Blasticidin S #1)"
PM19-F06,"(Blasticidin S #2)"
PM19-F07,"(Blasticidin S #3)"
PM19-F08,"(Blasticidin S #4)"
PM19-F09,"(Sodium Caprylate #1)"
PM19-F10,"(Sodium Caprylate #2)"
PM19-F11,"(Sodium Caprylate #3)"
PM19-F12,"(Sodium Caprylate #4)"
PM19-G01,"(Lauryl Sulfobetaine #1)"
PM19-G02,"(Lauryl Sulfobetaine #2)"
PM19-G03,"(Lauryl Sulfobetaine #3)"
PM19-G04,"(Lauryl Sulfobetaine #4)"
PM19-G05,"(Dihydrostreptomycin #1)"
PM19-G06,"(Dihydrostreptomycin #2)"
PM19-G07,"(Dihydrostreptomycin #3)"
PM19-G08,"(Dihydrostreptomycin #4)"
PM19-G09,"(Hydroxylamine #1)"
PM19-G10,"(Hydroxylamine #2)"
PM19-G11,"(Hydroxylamine #3)"
PM19-G12,"(Hydroxylamine #4)"
PM19-H01,"(Hexaminecobalt [III] Chloride #1)"
PM19-H02,"(Hexaminecobalt [III] Chloride #2)"
PM19-H03,"(Hexaminecobalt [III] Chloride #3)"
PM19-H04,"(Hexaminecobalt [III] Chloride #4)"
PM19-H05,"(α-Thioglycerol #1)"
PM19-H06,"(α-Thioglycerol #2)"
PM19-H07,"(α-Thioglycerol #3)"
PM19-H08,"(α-Thioglycerol #4)"
PM19-H09,"(Polymyxin B #1)"
PM19-H10,"(Polymyxin B #2)"
PM19-H11,"(Polymyxin B #3)"
PM19-H12,"(Polymyxin B #4)"
PM20-A01,"(Amitriptyline #1)"
PM20-A02,"(Amitriptyline #2)"
PM20-A03,"(Amitriptyline #3)"
PM20-A04,"(Amitriptyline #4)"
PM20-A05,"(Apramycin #1)"
PM20-A06,"(Apramycin #2)"
PM20-A07,"(Apramycin #3)"
PM20-A08,"(Apramycin #4)"
PM20-A09,"(Benserazide #1)"
PM20-A10,"(Benserazide #2)"
PM20-A11,"(Benserazide #3)"
PM20-A12,"(Benserazide #4)"
PM20-B01,"(Orphenadrine #1)"
PM20-B02,"(Orphenadrine #2)"
PM20-B03,"(Orphenadrine #3)"
PM20-B04,"(Orphenadrine #4)"
PM20-B05,"(D,L-Propranolol #1)"
PM20-B06,"(D,L-Propranolol #2)"
PM20-B07,"(D,L-Propranolol #3)"
PM20-B08,"(D,L-Propranolol #4)"
PM20-B09,"(Tetrazolium Violet #1)"
PM20-B10,"(Tetrazolium Violet #2)"
PM20-B11,"(Tetrazolium Violet #3)"
PM20-B12,"(Tetrazolium Violet #4)"
PM20-C01,"(Thioridazine #1)"
PM20-C02,"(Thioridazine #2)"
PM20-C03,"(Thioridazine #3)"
PM20-C04,"(Thioridazine #4)"
PM20-C05,"(Atropine #1)"
PM20-C06,"(Atropine #2)"
PM20-C07,"(Atropine #3)"
PM20-C08,"(Atropine #4)"
PM20-C09,"(Ornidazole #1)"
PM20-C10,"(Ornidazole #2)"
PM20-C11,"(Ornidazole #3)"
PM20-C12,"(Ornidazole #4)"
PM20-D01,"(Proflavine #1)"
PM20-D02,"(Proflavine #2)"
PM20-D03,"(Proflavine #3)"
PM20-D04,"(Proflavine #4)"
PM20-D05,"(Ciprofloxacin #1)"
PM20-D06,"(Ciprofloxacin #2)"
PM20-D07,"(Ciprofloxacin #3)"
PM20-D08,"(Ciprofloxacin #4)"
PM20-D09,"(18-Crown-6-Ether #1)"
PM20-D10,"(18-Crown-6-Ether #2)"
PM20-D11,"(18-Crown-6-Ether #3)"
PM20-D12,"(18-Crown-6-Ether #4)"
PM20-E01,"(Crystal Violet #1)"
PM20-E02,"(Crystal Violet #2)"
PM20-E03,"(Crystal Violet #3)"
PM20-E04,"(Crystal Violet #4)"
PM20-E05,"(Dodine #1)"
PM20-E06,"(Dodine #2)"
PM20-E07,"(Dodine #3)"
PM20-E08,"(Dodine #4)"
PM20-E09,"(Hexachlorophene #1)"
PM20-E10,"(Hexachlorophene #2)"
PM20-E11,"(Hexachlorophene #3)"
PM20-E12,"(Hexachlorophene #4)"
PM20-F01,"(4-Hydroxycoumarin #1)"
PM20-F02,"(4-Hydroxycoumarin #2)"
PM20-F03,"(4-Hydroxycoumarin #3)"
PM20-F04,"(4-Hydroxycoumarin #4)"
PM20-F05,"(Oxytetracycline #1)"
PM20-F06,"(Oxytetracycline #2)"
PM20-F07,"(Oxytetracycline #3)"
PM20-F08,"(Oxytetracycline #4)"
PM20-F09,"(Pridinol #1)"
PM20-F10,"(Pridinol #2)"
PM20-F11,"(Pridinol #3)"
PM20-F12,"(Pridinol #4)"
PM20-G01,"(Captan #1)"
PM20-G02,"(Captan #2)"
PM20-G03,"(Captan #3)"
PM20-G04,"(Captan #4)"
PM20-G05,"(3,5-Dinitrobenzoic Acid #1)"
PM20-G06,"(3,5-Dinitrobenzoic Acid #2)"
PM20-G07,"(3,5-Dinitrobenzoic Acid #3)"
PM20-G08,"(3,5-Dinitrobenzoic Acid #4)"
PM20-G09,"(8-Hydroxyquinoline #1)"
PM20-G10,"(8-Hydroxyquinoline #2)"
PM20-G11,"(8-Hydroxyquinoline #3)"
PM20-G12,"(8-Hydroxyquinoline #4)"
PM20-H01,"(Patulin #1)"
PM20-H02,"(Patulin #2)"
PM20-H03,"(Patulin #3)"
PM20-H04,"(Patulin #4)"
PM20-H05,"(Tolylfluanid #1)"
PM20-H06,"(Tolylfluanid #2)"
PM20-H07,"(Tolylfluanid #3)"
PM20-H08,"(Tolylfluanid #4)"
PM20-H09,"(Troleandomycin #1)"
PM20-H10,"(Troleandomycin #2)"
PM20-H11,"(Troleandomycin #3)"
PM20-H12,"(Troleandomycin #4)"
